"Symbol  ","Series  ","Date  ","Prev Close  ","Open Price  ","High Price  ","Low Price  ","Last Price  ","Close Price  ","Average Price ","Total Traded Quantity  ","Turnover ₹  ","No. of Trades  ","Deliverable Qty  ","% Dly Qt to Traded Qty  "
"MAZDOCK","EQ","30-Sep-2024","4,195.80","4,195.00","4,265.00","4,125.00","4,220.00","4,230.10","4,192.76","10,08,497","4,22,83,86,411.80","90,183","1,37,384","13.62"
"MAZDOCK","EQ","01-Oct-2024","4,230.10","4,230.00","4,246.80","4,185.80","4,195.80","4,199.25","4,206.84","4,53,507","1,90,78,33,537.40","45,349","96,929","21.37"
"MAZDOCK","EQ","03-Oct-2024","4,199.25","4,140.95","4,179.40","4,061.00","4,083.00","4,076.90","4,108.66","7,88,689","3,24,04,54,316.50","83,689","2,54,593","32.28"
"MAZDOCK","EQ","04-Oct-2024","4,076.90","4,076.90","4,147.00","3,975.05","4,078.80","4,075.35","4,070.53","13,07,601","5,32,26,33,963.10","1,13,366","1,62,993","12.47"
"MAZDOCK","EQ","07-Oct-2024","4,075.35","4,095.75","4,106.85","3,893.25","3,929.00","3,919.35","3,968.53","10,63,364","4,21,99,91,220.25","1,11,890","2,63,376","24.77"
"MAZDOCK","EQ","08-Oct-2024","3,919.35","3,889.00","4,099.00","3,852.55","4,090.00","4,080.85","4,022.96","17,62,071","7,08,87,48,758.60","1,29,665","2,55,416","14.50"
"MAZDOCK","EQ","09-Oct-2024","4,080.85","4,085.05","4,170.90","4,070.05","4,095.00","4,086.95","4,116.10","9,01,678","3,71,13,93,113.90","72,451","1,97,109","21.86"
"MAZDOCK","EQ","10-Oct-2024","4,086.95","4,154.95","4,510.00","4,150.00","4,431.00","4,428.35","4,383.30","74,63,838","32,71,62,60,484.60","5,05,554","9,17,730","12.30"
"MAZDOCK","EQ","11-Oct-2024","4,428.35","4,460.00","4,479.40","4,350.20","4,371.00","4,384.95","4,406.47","24,96,317","10,99,99,51,043.90","1,91,903","3,14,559","12.60"
"MAZDOCK","EQ","14-Oct-2024","4,384.95","4,399.00","4,424.00","4,268.00","4,281.00","4,277.60","4,340.55","14,07,642","6,10,99,41,921.75","1,20,085","3,35,967","23.87"
"MAZDOCK","EQ","15-Oct-2024","4,277.60","4,289.50","4,600.00","4,253.05","4,402.00","4,403.15","4,470.17","50,00,743","22,35,41,56,563.55","3,60,335","5,81,735","11.63"
"MAZDOCK","EQ","16-Oct-2024","4,403.15","4,400.00","4,475.00","4,290.00","4,330.00","4,325.45","4,358.26","17,75,988","7,74,02,11,007.75","1,31,463","3,86,612","21.77"
"MAZDOCK","EQ","17-Oct-2024","4,325.45","4,338.95","4,378.00","4,220.00","4,232.10","4,237.80","4,292.01","9,94,856","4,26,99,27,692.20","92,479","1,97,560","19.86"
"MAZDOCK","EQ","18-Oct-2024","4,237.80","4,306.00","4,655.00","4,285.00","4,549.00","4,526.35","4,510.21","84,93,150","38,30,58,72,486.00","5,97,661","10,55,364","12.43"
"MAZDOCK","EQ","21-Oct-2024","4,526.35","4,610.00","4,850.00","4,605.00","4,655.00","4,666.50","4,728.27","49,21,316","23,26,93,21,540.15","3,59,224","6,22,696","12.65"
"MAZDOCK","EQ","22-Oct-2024","4,666.50","4,685.00","4,699.00","4,116.00","4,206.00","4,158.35","4,297.29","52,11,207","22,39,40,64,101.50","4,08,030","11,09,039","21.28"
"MAZDOCK","EQ","23-Oct-2024","4,158.35","4,246.60","4,344.90","4,075.00","4,198.85","4,193.05","4,216.78","48,02,162","20,24,96,67,215.05","4,03,670","3,80,964","7.93"
"MAZDOCK","EQ","24-Oct-2024","4,193.05","4,200.60","4,320.00","4,176.00","4,212.55","4,214.70","4,245.20","19,62,012","8,32,91,39,914.90","1,68,427","1,71,709","8.75"
"MAZDOCK","EQ","25-Oct-2024","4,214.70","4,218.00","4,239.20","4,005.00","4,080.95","4,062.30","4,078.88","19,96,300","8,14,26,66,233.80","1,87,078","3,77,278","18.90"
"MAZDOCK","EQ","28-Oct-2024","4,062.30","4,100.00","4,151.05","3,992.00","4,015.00","4,015.95","4,055.43","15,78,873","6,40,30,04,537.15","1,54,635","2,75,848","17.47"
"MAZDOCK","EQ","29-Oct-2024","4,015.95","4,035.00","4,221.35","3,964.00","4,022.00","4,012.45","4,069.25","30,18,269","12,28,20,94,972.15","2,42,731","4,46,744","14.80"
"MAZDOCK","EQ","30-Oct-2024","4,012.45","4,031.00","4,145.00","4,022.00","4,088.85","4,072.45","4,082.03","20,95,075","8,55,21,51,884.00","1,68,855","2,33,318","11.14"
"MAZDOCK","EQ","31-Oct-2024","4,072.45","4,092.05","4,124.90","4,048.05","4,080.00","4,079.65","4,082.39","9,98,563","4,07,65,18,647.20","87,676","1,58,176","15.84"
"MAZDOCK","EQ","01-Nov-2024","4,079.65","4,100.05","4,130.00","4,091.20","4,106.95","4,107.95","4,113.37","2,21,888","91,27,07,421.95","19,119","62,553","28.19"
"MAZDOCK","EQ","04-Nov-2024","4,107.95","4,120.00","4,129.95","4,015.00","4,028.00","4,027.00","4,046.77","8,83,858","3,57,67,67,430.80","80,295","2,06,116","23.32"
"MAZDOCK","EQ","05-Nov-2024","4,027.00","4,027.00","4,325.00","3,986.60","4,187.30","4,197.80","4,186.27","45,61,831","19,09,70,37,899.45","3,01,901","5,02,414","11.01"
"MAZDOCK","EQ","06-Nov-2024","4,197.80","4,250.00","4,327.95","4,220.00","4,279.00","4,279.05","4,274.37","25,50,482","10,90,16,95,850.35","2,03,366","3,36,404","13.19"
"MAZDOCK","EQ","07-Nov-2024","4,279.05","4,280.00","4,387.00","4,236.25","4,248.00","4,256.50","4,309.03","21,34,187","9,19,62,72,601.50","1,68,527","2,93,529","13.75"
"MAZDOCK","EQ","08-Nov-2024","4,256.50","4,269.70","4,269.70","4,145.00","4,154.80","4,164.10","4,201.18","10,08,267","4,23,59,10,662.05","82,090","1,95,160","19.36"
"MAZDOCK","EQ","11-Nov-2024","4,164.10","4,130.00","4,183.00","4,080.10","4,099.00","4,089.65","4,117.10","9,61,213","3,95,74,09,075.85","82,851","1,46,403","15.23"
"MAZDOCK","EQ","12-Nov-2024","4,089.65","4,105.00","4,160.00","4,041.00","4,050.00","4,052.75","4,099.01","6,72,180","2,75,52,71,588.20","62,599","1,26,077","18.76"
"MAZDOCK","EQ","13-Nov-2024","4,052.75","4,042.95","4,060.00","3,872.00","3,898.00","3,890.80","3,942.37","12,34,955","4,86,86,48,048.70","1,20,318","2,78,943","22.59"
"MAZDOCK","EQ","14-Nov-2024","3,890.80","3,939.00","3,985.00","3,851.20","3,942.00","3,926.10","3,925.40","12,49,981","4,90,66,74,830.25","1,08,114","1,32,797","10.62"
"MAZDOCK","EQ","18-Nov-2024","3,926.10","3,930.00","4,035.00","3,920.00","3,990.10","3,977.55","3,983.01","10,73,841","4,27,71,24,405.80","96,436","1,50,918","14.05"
"MAZDOCK","EQ","19-Nov-2024","3,977.55","4,170.00","4,172.95","4,060.00","4,061.25","4,075.55","4,117.28","14,56,186","5,99,55,31,210.60","1,12,688","1,94,964","13.39"
"MAZDOCK","EQ","21-Nov-2024","4,075.55","4,075.00","4,075.00","3,971.10","4,027.85","4,006.60","4,003.93","7,22,504","2,89,28,53,299.50","66,087","1,32,273","18.31"
"MAZDOCK","EQ","22-Nov-2024","4,006.60","4,007.00","4,045.00","3,951.20","3,997.00","3,992.45","3,998.69","7,54,122","3,01,54,98,049.05","61,781","1,54,134","20.44"
"MAZDOCK","EQ","25-Nov-2024","3,992.45","4,150.00","4,194.00","4,105.50","4,173.00","4,175.60","4,153.49","13,75,174","5,71,17,71,648.20","94,882","3,67,785","26.74"
"MAZDOCK","EQ","26-Nov-2024","4,175.60","4,185.00","4,445.65","4,156.70","4,250.00","4,234.15","4,331.73","33,76,739","14,62,71,21,175.80","2,20,483","5,21,441","15.44"
"MAZDOCK","EQ","27-Nov-2024","4,234.15","4,264.00","4,500.00","4,244.25","4,488.90","4,469.65","4,395.00","30,65,917","13,47,46,96,165.25","2,26,152","6,65,004","21.69"
"MAZDOCK","EQ","28-Nov-2024","4,469.65","4,501.00","4,649.90","4,469.00","4,511.00","4,521.55","4,552.70","29,98,862","13,65,29,11,059.00","2,21,989","5,17,018","17.24"
"MAZDOCK","EQ","29-Nov-2024","4,521.55","4,511.00","4,690.00","4,413.70","4,585.00","4,594.15","4,596.18","31,27,301","14,37,36,43,867.75","2,30,866","4,79,123","15.32"
"MAZDOCK","EQ","02-Dec-2024","4,594.15","4,574.70","4,707.00","4,520.05","4,543.00","4,545.25","4,594.98","18,64,401","8,56,68,81,298.35","1,38,976","3,83,601","20.58"
"MAZDOCK","EQ","03-Dec-2024","4,545.25","4,585.00","4,755.00","4,513.55","4,698.00","4,704.90","4,651.86","34,62,574","16,10,74,21,923.05","2,35,161","5,42,012","15.65"
"MAZDOCK","EQ","04-Dec-2024","4,704.90","4,770.00","4,928.00","4,756.10","4,877.95","4,880.70","4,850.52","40,12,183","19,46,11,83,123.50","2,70,777","6,21,498","15.49"
"MAZDOCK","EQ","05-Dec-2024","4,880.70","4,900.95","4,975.00","4,810.00","4,857.15","4,861.55","4,878.09","22,20,902","10,83,37,59,158.40","1,65,598","3,48,922","15.71"
"MAZDOCK","EQ","06-Dec-2024","4,861.55","4,870.05","5,010.90","4,835.45","4,875.00","4,879.40","4,926.28","27,85,303","13,72,11,78,881.15","1,82,699","4,43,915","15.94"
"MAZDOCK","EQ","09-Dec-2024","4,879.40","4,900.00","4,965.45","4,860.05","4,882.05","4,888.20","4,908.23","11,16,866","5,48,18,36,846.05","96,733","2,06,917","18.53"
"MAZDOCK","EQ","10-Dec-2024","4,888.20","4,900.00","4,916.75","4,800.00","4,875.50","4,873.70","4,856.75","11,37,437","5,52,42,50,007.35","86,696","1,98,873","17.48"
"MAZDOCK","EQ","11-Dec-2024","4,873.70","4,884.80","4,962.00","4,866.05","4,921.00","4,922.35","4,924.76","11,06,716","5,45,03,16,218.20","82,731","2,29,681","20.75"
"MAZDOCK","EQ","12-Dec-2024","4,922.35","4,923.00","5,063.00","4,910.00","4,955.50","4,955.75","4,994.08","21,15,931","10,56,71,27,832.85","1,40,843","3,49,591","16.52"
"MAZDOCK","EQ","13-Dec-2024","4,955.75","4,955.50","4,972.20","4,741.30","4,842.00","4,849.90","4,844.78","20,35,401","9,86,10,74,679.05","1,43,016","3,84,800","18.91"
"MAZDOCK","EQ","16-Dec-2024","4,849.90","4,850.00","5,052.00","4,842.00","5,042.00","5,030.65","4,986.32","21,39,188","10,66,66,75,258.25","1,49,287","5,47,585","25.60"
"MAZDOCK","EQ","17-Dec-2024","5,030.65","5,055.00","5,349.00","5,010.00","5,283.00","5,311.25","5,211.08","54,71,679","28,51,33,44,738.65","3,42,080","9,91,319","18.12"
"MAZDOCK","EQ","18-Dec-2024","5,311.25","5,288.00","5,311.00","5,080.10","5,094.85","5,100.70","5,191.41","29,44,814","15,28,77,32,986.80","2,19,265","6,00,514","20.39"
"MAZDOCK","EQ","19-Dec-2024","5,100.70","4,956.10","5,122.95","4,941.20","5,055.00","5,038.80","5,046.08","19,12,692","9,65,15,99,088.40","1,49,901","3,24,307","16.96"
"MAZDOCK","EQ","20-Dec-2024","5,038.80","5,090.00","5,143.95","4,701.00","4,724.25","4,724.10","4,884.52","26,73,135","13,05,69,93,129.05","2,10,174","6,07,887","22.74"
"MAZDOCK","EQ","23-Dec-2024","4,724.10","4,814.00","4,836.70","4,590.60","4,681.00","4,674.15","4,703.85","22,70,604","10,68,05,78,954.60","2,04,337","2,79,962","12.33"
"MAZDOCK","EQ","24-Dec-2024","4,674.15","4,691.95","4,783.80","4,552.00","4,635.00","4,629.50","4,689.28","15,74,512","7,38,33,30,511.60","1,36,555","2,42,265","15.39"
"MAZDOCK","EQ","26-Dec-2024","4,629.50","4,650.00","4,850.00","4,622.00","4,733.00","4,729.75","4,748.31","30,97,533","14,70,80,34,980.25","2,47,838","3,87,491","12.51"
"MAZDOCK","EQ","27-Dec-2024","4,729.75","2,375.00","2,392.50","2,292.20","2,312.50","2,317.40","2,330.77","26,29,581","6,12,89,53,866.40","1,51,944","5,93,441","22.57"
"MAZDOCK","EQ","30-Dec-2024","2,317.40","2,300.00","2,310.00","2,236.05","2,262.00","2,269.05","2,261.44","19,07,300","4,31,32,48,069.50","1,33,953","5,76,211","30.21"
"MAZDOCK","EQ","31-Dec-2024","2,269.05","2,320.00","2,369.95","2,201.80","2,225.90","2,227.80","2,256.22","47,85,547","10,79,72,69,674.20","2,68,846","10,05,187","21.00"
"MAZDOCK","EQ","01-Jan-2025","2,227.80","2,230.00","2,284.00","2,220.00","2,248.00","2,243.80","2,253.00","19,81,901","4,46,52,24,493.95","1,10,025","2,74,597","13.86"
"MAZDOCK","EQ","02-Jan-2025","2,243.80","2,260.00","2,293.20","2,245.00","2,254.00","2,253.80","2,261.30","14,34,052","3,24,28,20,498.95","81,671","2,63,442","18.37"
"MAZDOCK","EQ","03-Jan-2025","2,253.80","2,255.50","2,297.85","2,231.15","2,237.00","2,236.90","2,259.96","15,92,341","3,59,86,22,231.65","90,753","3,27,341","20.56"
"MAZDOCK","EQ","06-Jan-2025","2,236.90","2,235.00","2,235.00","2,120.00","2,126.00","2,130.35","2,168.27","17,81,399","3,86,25,54,808.80","1,23,084","5,57,566","31.30"
"MAZDOCK","EQ","07-Jan-2025","2,130.35","2,130.35","2,222.00","2,107.05","2,175.00","2,180.55","2,169.80","20,97,861","4,55,19,46,359.85","1,18,909","2,69,201","12.83"
"MAZDOCK","EQ","08-Jan-2025","2,180.55","2,185.05","2,200.85","2,138.80","2,156.00","2,155.70","2,167.44","14,30,865","3,10,13,13,765.20","84,830","2,35,247","16.44"
"MAZDOCK","EQ","09-Jan-2025","2,155.70","2,150.00","2,251.20","2,132.85","2,227.50","2,232.55","2,205.23","20,89,236","4,60,72,50,166.50","1,23,735","5,43,593","26.02"
"MAZDOCK","EQ","10-Jan-2025","2,232.55","2,225.00","2,254.00","2,167.30","2,225.00","2,223.15","2,217.19","16,22,550","3,59,75,07,495.40","1,09,172","3,71,332","22.89"
"MAZDOCK","EQ","13-Jan-2025","2,223.15","2,165.00","2,203.75","2,005.00","2,046.95","2,028.30","2,096.60","21,91,902","4,59,55,42,862.95","1,50,894","5,74,071","26.19"
"MAZDOCK","EQ","14-Jan-2025","2,028.30","2,057.80","2,250.00","2,055.05","2,236.15","2,231.55","2,177.99","51,45,777","11,20,74,27,629.70","2,52,944","5,53,886","10.76"
"MAZDOCK","EQ","15-Jan-2025","2,231.55","2,255.00","2,321.00","2,215.45","2,224.00","2,229.15","2,271.77","33,11,823","7,52,37,15,740.70","1,78,399","4,18,950","12.65"
"MAZDOCK","EQ","16-Jan-2025","2,229.15","2,254.70","2,278.00","2,232.20","2,250.00","2,248.15","2,254.17","12,30,427","2,77,35,93,335.00","77,930","2,68,947","21.86"
"MAZDOCK","EQ","17-Jan-2025","2,248.15","2,246.80","2,337.25","2,227.50","2,308.00","2,315.05","2,307.54","27,14,853","6,26,46,27,109.75","1,55,707","4,36,240","16.07"
"MAZDOCK","EQ","20-Jan-2025","2,315.05","2,320.00","2,496.30","2,302.10","2,440.00","2,438.45","2,423.93","57,31,147","13,89,18,74,650.95","2,70,004","8,28,259","14.45"
"MAZDOCK","EQ","21-Jan-2025","2,438.45","2,460.00","2,490.00","2,333.35","2,350.00","2,351.85","2,396.83","33,19,166","7,95,54,74,368.30","1,79,769","5,60,680","16.89"
"MAZDOCK","EQ","22-Jan-2025","2,351.85","2,355.00","2,367.15","2,217.00","2,280.20","2,287.75","2,272.28","24,33,006","5,52,84,80,374.65","1,52,617","4,12,524","16.96"
"MAZDOCK","EQ","23-Jan-2025","2,287.75","2,275.85","2,423.00","2,256.60","2,324.95","2,319.55","2,346.74","38,98,601","9,14,90,02,250.50","2,24,771","5,79,038","14.85"
"MAZDOCK","EQ","24-Jan-2025","2,319.55","2,340.00","2,387.00","2,277.00","2,302.00","2,299.55","2,326.47","25,87,979","6,02,08,64,927.40","1,57,219","4,28,024","16.54"
"MAZDOCK","EQ","27-Jan-2025","2,299.55","2,289.70","2,289.70","2,191.35","2,212.00","2,228.45","2,225.28","16,45,667","3,66,20,67,346.85","1,07,312","3,21,351","19.53"
"MAZDOCK","EQ","28-Jan-2025","2,228.45","2,240.00","2,346.95","2,084.50","2,321.00","2,322.70","2,242.17","51,39,156","11,52,28,57,149.10","2,76,137","5,90,029","11.48"
"MAZDOCK","EQ","29-Jan-2025","2,322.70","2,343.00","2,410.00","2,328.30","2,349.00","2,355.05","2,365.84","28,38,163","6,71,46,26,217.35","1,51,649","4,14,231","14.60"
"MAZDOCK","EQ","30-Jan-2025","2,355.05","2,358.80","2,414.00","2,331.00","2,347.00","2,350.70","2,370.51","21,69,832","5,14,36,09,922.00","1,31,344","3,35,844","15.48"
"MAZDOCK","EQ","31-Jan-2025","2,350.70","2,355.95","2,515.00","2,344.95","2,490.95","2,498.50","2,461.14","55,89,552","13,75,66,62,174.70","2,56,925","13,31,369","23.82"
"MAZDOCK","EQ","01-Feb-2025","2,498.50","2,509.65","2,587.30","2,323.05","2,373.00","2,379.70","2,467.75","74,72,837","18,44,11,17,515.45","3,61,543","9,77,074","13.08"
"MAZDOCK","EQ","03-Feb-2025","2,379.70","2,330.00","2,364.50","2,220.10","2,235.00","2,234.30","2,266.22","33,09,775","7,50,06,89,244.15","2,23,496","7,73,676","23.38"
"MAZDOCK","EQ","04-Feb-2025","2,234.30","2,270.00","2,298.75","2,170.00","2,204.00","2,196.25","2,217.57","35,09,717","7,78,30,33,619.35","2,14,658","7,28,423","20.75"
"MAZDOCK","EQ","05-Feb-2025","2,196.25","2,227.00","2,263.30","2,195.10","2,209.00","2,203.50","2,225.40","18,73,132","4,16,84,61,415.30","1,14,839","4,36,021","23.28"
"MAZDOCK","EQ","06-Feb-2025","2,203.50","2,217.00","2,244.80","2,187.45","2,197.50","2,198.50","2,212.19","16,27,093","3,59,94,35,881.95","1,01,839","2,78,114","17.09"
"MAZDOCK","EQ","07-Feb-2025","2,198.50","2,197.00","2,274.85","2,171.10","2,240.10","2,230.20","2,220.03","37,31,060","8,28,30,79,810.45","2,06,061","4,68,190","12.55"
"MAZDOCK","EQ","10-Feb-2025","2,230.20","2,248.00","2,439.90","2,162.00","2,202.00","2,201.15","2,304.77","1,49,91,371","34,55,15,91,960.65","6,98,558","18,55,121","12.37"
"MAZDOCK","EQ","11-Feb-2025","2,201.15","2,216.00","2,246.00","2,167.25","2,173.80","2,185.20","2,208.01","56,85,967","12,55,46,54,990.80","2,99,004","6,12,221","10.77"
"MAZDOCK","EQ","12-Feb-2025","2,185.20","2,185.00","2,213.95","2,065.20","2,192.00","2,189.95","2,148.84","73,10,164","15,70,84,07,170.35","3,81,305","8,24,449","11.28"
"MAZDOCK","EQ","13-Feb-2025","2,189.95","2,205.00","2,314.95","2,187.60","2,215.70","2,211.50","2,248.21","53,07,033","11,93,13,31,479.55","2,71,564","5,79,179","10.91"
"MAZDOCK","EQ","14-Feb-2025","2,211.50","2,238.00","2,253.00","2,154.55","2,160.95","2,166.35","2,194.67","38,31,670","8,40,92,45,970.85","2,18,714","5,52,131","14.41"
"MAZDOCK","EQ","17-Feb-2025","2,166.35","2,143.80","2,159.90","2,075.00","2,083.00","2,083.10","2,107.64","31,95,135","6,73,42,02,270.55","2,17,762","4,37,436","13.69"
"MAZDOCK","EQ","18-Feb-2025","2,083.10","2,087.00","2,103.00","1,943.50","1,953.85","1,961.75","1,993.03","38,08,456","7,59,03,50,786.65","2,53,256","7,90,339","20.75"
"MAZDOCK","EQ","19-Feb-2025","1,961.75","1,940.00","2,196.80","1,918.05","2,170.00","2,180.10","2,127.36","83,36,084","17,73,38,19,123.50","4,26,816","7,19,039","8.63"
"MAZDOCK","EQ","20-Feb-2025","2,180.10","2,134.70","2,181.80","2,110.30","2,144.90","2,154.30","2,148.41","27,89,656","5,99,33,32,369.50","1,54,910","3,43,430","12.31"
"MAZDOCK","EQ","21-Feb-2025","2,154.30","2,145.80","2,219.85","2,106.00","2,112.00","2,119.45","2,157.65","30,03,528","6,48,05,74,819.65","1,60,853","4,31,166","14.36"
"MAZDOCK","EQ","24-Feb-2025","2,119.45","2,079.00","2,186.20","2,056.45","2,153.85","2,151.05","2,140.69","43,14,616","9,23,62,35,388.40","2,28,352","5,57,801","12.93"
"MAZDOCK","EQ","25-Feb-2025","2,151.05","2,157.95","2,207.05","2,115.00","2,124.00","2,123.25","2,156.31","31,11,381","6,70,90,88,236.40","1,70,171","3,36,880","10.83"
"MAZDOCK","EQ","27-Feb-2025","2,123.25","2,131.00","2,149.50","2,086.00","2,099.00","2,101.95","2,107.81","14,10,640","2,97,33,57,477.30","1,05,830","2,20,779","15.65"
"MAZDOCK","EQ","28-Feb-2025","2,101.95","2,070.00","2,151.00","2,047.90","2,150.30","2,131.05","2,096.49","29,31,250","6,14,53,34,548.20","1,67,629","5,44,072","18.56"
"MAZDOCK","EQ","03-Mar-2025","2,131.05","2,148.00","2,177.80","2,100.00","2,155.00","2,153.15","2,142.15","26,45,210","5,66,64,30,316.95","1,67,368","4,77,604","18.06"
"MAZDOCK","EQ","04-Mar-2025","2,153.15","2,125.55","2,272.00","2,123.15","2,168.15","2,162.50","2,203.90","41,05,980","9,04,91,52,175.20","2,25,847","5,11,330","12.45"
"MAZDOCK","EQ","05-Mar-2025","2,162.50","2,170.00","2,255.00","2,151.05","2,248.00","2,246.70","2,212.48","29,16,402","6,45,24,81,485.15","1,35,724","5,46,471","18.74"
"MAZDOCK","EQ","06-Mar-2025","2,246.70","2,275.00","2,299.85","2,234.00","2,239.35","2,242.40","2,257.23","17,74,308","4,00,50,16,980.95","87,721","4,08,358","23.02"
"MAZDOCK","EQ","07-Mar-2025","2,242.40","2,242.90","2,352.95","2,223.70","2,342.10","2,338.20","2,316.31","46,54,555","10,78,13,89,656.30","2,14,161","9,47,515","20.36"
"MAZDOCK","EQ","10-Mar-2025","2,338.20","2,344.70","2,364.55","2,286.90","2,290.95","2,302.70","2,314.08","17,18,810","3,97,74,64,813.85","93,682","3,85,222","22.41"
"MAZDOCK","EQ","11-Mar-2025","2,302.70","2,265.00","2,276.00","2,222.00","2,274.00","2,255.95","2,243.97","18,11,862","4,06,57,64,490.00","99,279","3,60,921","19.92"
"MAZDOCK","EQ","12-Mar-2025","2,255.95","2,274.00","2,296.25","2,232.40","2,252.00","2,255.90","2,263.11","13,17,140","2,98,08,29,672.40","68,406","2,56,691","19.49"
"MAZDOCK","EQ","13-Mar-2025","2,255.90","2,267.05","2,340.00","2,235.90","2,310.25","2,316.00","2,312.38","29,34,181","6,78,49,48,703.10","1,43,690","5,22,903","17.82"
"MAZDOCK","EQ","17-Mar-2025","2,316.00","2,320.00","2,348.00","2,281.10","2,324.00","2,322.05","2,314.96","23,82,741","5,51,59,55,746.10","1,20,896","3,58,366","15.04"
"MAZDOCK","EQ","18-Mar-2025","2,322.05","2,344.00","2,388.60","2,331.00","2,377.00","2,376.50","2,365.13","22,89,883","5,41,58,66,096.75","1,07,215","5,19,952","22.71"
"MAZDOCK","EQ","19-Mar-2025","2,376.50","2,385.00","2,648.00","2,375.00","2,628.00","2,625.25","2,568.62","1,26,96,711","32,61,30,04,195.15","4,83,166","18,52,854","14.59"
"MAZDOCK","EQ","20-Mar-2025","2,625.25","2,670.35","2,762.90","2,551.80","2,625.00","2,633.10","2,638.35","86,17,711","22,73,65,54,581.20","3,93,094","9,99,877","11.60"
"MAZDOCK","EQ","21-Mar-2025","2,633.10","2,642.00","2,651.10","2,576.85","2,587.95","2,591.40","2,602.15","34,71,761","9,03,40,37,385.85","1,55,826","8,78,244","25.30"
"MAZDOCK","EQ","24-Mar-2025","2,591.40","2,614.75","2,711.65","2,605.50","2,667.00","2,654.80","2,670.89","52,84,512","14,11,43,53,564.60","2,29,118","9,43,527","17.85"
"MAZDOCK","EQ","25-Mar-2025","2,654.80","2,681.15","2,689.00","2,588.40","2,615.40","2,614.50","2,632.76","23,54,469","6,19,87,61,559.95","1,15,189","6,30,581","26.78"
"MAZDOCK","EQ","26-Mar-2025","2,614.50","2,620.05","2,722.00","2,601.00","2,644.00","2,643.15","2,670.17","68,76,106","18,36,03,49,814.05","2,83,316","11,64,035","16.93"
"MAZDOCK","EQ","27-Mar-2025","2,643.15","2,642.00","2,719.00","2,625.30","2,710.00","2,695.35","2,689.03","44,14,954","11,87,19,27,471.00","1,92,847","9,64,590","21.85"
"MAZDOCK","EQ","28-Mar-2025","2,695.35","2,724.00","2,752.00","2,633.70","2,643.00","2,643.80","2,687.27","30,32,671","8,14,96,20,386.30","1,46,475","8,96,447","29.56"
"MAZDOCK","EQ","01-Apr-2025","2,643.80","2,634.00","2,685.00","2,570.00","2,583.00","2,578.55","2,620.07","20,40,072","5,34,51,25,210.70","1,07,316","5,86,141","28.73"
"MAZDOCK","EQ","02-Apr-2025","2,578.55","2,585.00","2,610.00","2,520.30","2,606.00","2,603.95","2,569.85","17,79,301","4,57,25,38,332.05","1,04,587","2,96,518","16.66"
"MAZDOCK","EQ","03-Apr-2025","2,603.95","2,569.95","2,753.45","2,554.35","2,738.00","2,737.55","2,691.67","46,64,581","12,55,54,98,818.80","2,11,615","12,31,953","26.41"
"MAZDOCK","EQ","04-Apr-2025","2,737.55","2,575.00","2,594.30","2,537.00","2,537.90","2,542.20","2,561.42","48,08,454","12,31,64,51,130.90","1,97,265","16,86,218","35.07"
"MAZDOCK","EQ","07-Apr-2025","2,542.20","2,221.05","2,373.65","2,200.00","2,329.00","2,317.30","2,316.03","41,04,683","9,50,65,79,392.00","2,37,607","10,26,596","25.01"
"MAZDOCK","EQ","08-Apr-2025","2,317.30","2,410.00","2,447.55","2,342.00","2,367.00","2,358.70","2,384.86","34,23,754","8,16,51,56,985.85","1,72,007","7,14,648","20.87"
"MAZDOCK","EQ","09-Apr-2025","2,358.70","2,365.00","2,397.00","2,288.00","2,373.00","2,371.20","2,342.28","24,96,433","5,84,73,56,899.85","1,25,293","3,79,683","15.21"
"MAZDOCK","EQ","11-Apr-2025","2,371.20","2,443.75","2,473.00","2,403.00","2,435.00","2,432.55","2,435.96","22,24,661","5,41,91,87,699.55","1,17,704","4,94,482","22.23"
"MAZDOCK","EQ","15-Apr-2025","2,432.55","2,490.00","2,697.70","2,473.00","2,652.90","2,661.30","2,631.16","76,73,596","20,19,04,70,938.10","3,04,125","18,39,208","23.97"
"MAZDOCK","EQ","16-Apr-2025","2,661.30","2,664.70","2,744.00","2,620.80","2,741.90","2,731.90","2,700.79","52,88,471","14,28,30,58,357.10","2,04,659","10,71,824","20.27"
"MAZDOCK","EQ","17-Apr-2025","2,731.90","2,731.90","2,814.80","2,695.00","2,708.00","2,710.60","2,742.96","41,50,958","11,38,59,09,693.40","1,82,882","10,59,979","25.54"
"MAZDOCK","EQ","21-Apr-2025","2,710.60","2,727.50","2,805.00","2,710.30","2,763.90","2,764.60","2,764.45","33,03,967","9,13,36,67,638.00","1,41,233","7,78,401","23.56"
"MAZDOCK","EQ","22-Apr-2025","2,764.60","2,780.00","2,820.00","2,750.00","2,765.00","2,755.40","2,781.44","22,32,292","6,20,89,78,304.30","1,03,405","5,06,754","22.70"
"MAZDOCK","EQ","23-Apr-2025","2,755.40","2,780.00","2,829.00","2,713.20","2,771.00","2,765.90","2,764.28","22,56,385","6,23,72,86,773.30","1,05,672","5,06,955","22.47"
"MAZDOCK","EQ","24-Apr-2025","2,765.90","2,778.00","2,850.00","2,704.10","2,719.00","2,717.70","2,780.05","31,44,655","8,74,22,90,491.60","1,44,874","7,89,659","25.11"
"MAZDOCK","EQ","25-Apr-2025","2,717.70","2,727.00","2,745.70","2,585.00","2,642.00","2,661.10","2,651.16","35,21,060","9,33,49,06,866.40","1,76,723","7,09,582","20.15"
"MAZDOCK","EQ","28-Apr-2025","2,661.10","2,649.90","2,815.00","2,646.10","2,788.00","2,786.30","2,772.75","53,45,902","14,82,28,37,140.40","2,28,077","13,17,847","24.65"
"MAZDOCK","EQ","29-Apr-2025","2,786.30","2,817.90","3,048.30","2,817.90","3,029.00","3,027.90","2,963.00","1,36,53,093","40,45,41,53,152.90","4,92,478","26,21,079","19.20"
"MAZDOCK","EQ","30-Apr-2025","3,027.90","3,073.70","3,150.00","2,955.00","3,035.50","3,057.60","3,052.74","95,28,730","29,08,87,71,331.50","4,07,668","14,20,242","14.90"
"MAZDOCK","EQ","02-May-2025","3,057.60","3,075.00","3,172.00","2,981.00","3,004.70","2,996.60","3,089.54","78,20,145","24,16,06,42,843.30","3,47,957","11,77,557","15.06"
"MAZDOCK","EQ","05-May-2025","2,996.60","3,024.10","3,128.00","2,964.60","3,105.00","3,099.50","3,062.54","47,69,236","14,60,59,59,268.00","2,21,875","7,01,823","14.72"
"MAZDOCK","EQ","06-May-2025","3,099.50","3,110.00","3,148.40","2,930.00","2,958.00","2,972.60","3,044.22","43,67,638","13,29,60,32,599.60","2,05,483","11,03,771","25.27"
"MAZDOCK","EQ","07-May-2025","2,972.60","2,938.30","3,108.00","2,786.30","2,833.00","2,816.20","2,916.22","93,01,691","27,12,58,07,052.00","4,11,296","19,65,260","21.13"
"MAZDOCK","EQ","08-May-2025","2,816.20","2,860.00","2,920.00","2,803.30","2,826.80","2,819.90","2,861.79","46,64,053","13,34,75,17,124.80","2,14,679","8,18,950","17.56"
"MAZDOCK","EQ","09-May-2025","2,819.90","2,817.00","2,963.50","2,776.50","2,925.00","2,922.00","2,891.10","98,03,235","28,34,21,73,980.50","4,22,808","11,85,575","12.09"
"MAZDOCK","EQ","12-May-2025","2,922.00","3,024.90","3,045.00","2,866.10","2,905.00","2,904.40","2,933.06","57,08,392","16,74,30,75,210.60","2,34,017","13,76,289","24.11"
"MAZDOCK","EQ","13-May-2025","2,904.40","2,915.70","3,032.00","2,911.00","3,010.00","3,002.60","2,993.30","53,39,024","15,98,12,79,746.90","2,08,584","11,10,663","20.80"
"MAZDOCK","EQ","14-May-2025","3,002.60","3,099.00","3,230.00","3,038.00","3,098.00","3,078.20","3,144.15","1,15,26,915","36,24,23,59,765.50","4,22,416","17,93,698","15.56"
"MAZDOCK","EQ","15-May-2025","3,078.20","3,106.80","3,217.80","3,084.20","3,174.00","3,182.40","3,161.63","70,04,596","22,14,59,43,381.60","2,51,520","10,93,314","15.61"
"MAZDOCK","EQ","16-May-2025","3,182.40","3,200.00","3,578.00","3,186.00","3,523.90","3,522.40","3,437.01","1,65,61,103","56,92,06,44,756.00","5,76,610","26,72,868","16.14"
"MAZDOCK","EQ","19-May-2025","3,522.40","3,559.80","3,733.00","3,378.00","3,422.00","3,409.90","3,477.21","83,75,302","29,12,27,10,029.70","4,07,369","20,37,113","24.32"
"MAZDOCK","EQ","20-May-2025","3,409.90","3,450.00","3,478.00","3,287.20","3,333.00","3,330.30","3,358.39","67,94,012","22,81,69,60,000.40","3,27,333","10,75,127","15.82"
"MAZDOCK","EQ","21-May-2025","3,330.30","3,335.00","3,429.00","3,285.00","3,424.50","3,411.50","3,372.42","51,07,591","17,22,49,43,693.30","2,30,944","7,66,333","15.00"
"MAZDOCK","EQ","22-May-2025","3,411.50","3,423.60","3,524.50","3,390.00","3,509.90","3,500.00","3,470.06","63,14,916","21,91,31,49,691.80","2,39,727","10,36,414","16.41"
"MAZDOCK","EQ","23-May-2025","3,500.00","3,520.00","3,564.00","3,451.00","3,500.00","3,502.30","3,514.97","42,36,741","14,89,20,04,699.30","1,76,979","7,85,705","18.55"
"MAZDOCK","EQ","26-May-2025","3,502.30","3,524.00","3,609.70","3,508.00","3,564.90","3,550.20","3,562.45","42,06,178","14,98,42,81,215.50","1,82,084","7,92,645","18.84"
"MAZDOCK","EQ","27-May-2025","3,550.20","3,570.00","3,684.40","3,555.00","3,635.00","3,623.10","3,632.26","53,04,100","19,26,58,75,622.20","2,07,336","9,42,002","17.76"
"MAZDOCK","EQ","28-May-2025","3,623.10","3,659.00","3,698.40","3,621.50","3,673.00","3,663.90","3,663.30","41,05,099","15,03,82,11,643.20","1,63,264","8,06,804","19.65"
"MAZDOCK","EQ","29-May-2025","3,663.90","3,695.00","3,775.00","3,681.00","3,773.00","3,751.20","3,724.47","42,60,651","15,86,86,57,465.10","1,64,538","10,65,776","25.01"
"MAZDOCK","EQ","30-May-2025","3,751.20","3,470.00","3,594.00","3,426.10","3,475.00","3,478.20","3,524.17","1,00,48,866","35,41,38,94,641.40","4,01,797","28,92,069","28.78"
"MAZDOCK","EQ","02-Jun-2025","3,478.20","3,469.90","3,493.70","3,377.00","3,379.40","3,384.50","3,409.17","31,55,728","10,75,84,21,405.70","1,62,900","10,46,054","33.15"
"MAZDOCK","EQ","03-Jun-2025","3,384.50","3,395.00","3,478.30","3,390.00","3,440.00","3,438.60","3,448.56","36,90,206","12,72,59,00,789.40","1,62,327","6,97,335","18.90"
"MAZDOCK","EQ","04-Jun-2025","3,438.60","3,462.00","3,548.70","3,405.20","3,420.00","3,412.70","3,470.93","47,71,997","16,56,32,50,461.70","1,87,360","11,40,739","23.90"
"MAZDOCK","EQ","05-Jun-2025","3,412.70","3,433.20","3,464.00","3,379.10","3,428.70","3,430.20","3,415.27","37,74,706","12,89,16,56,780.80","1,51,598","8,67,278","22.98"
"MAZDOCK","EQ","06-Jun-2025","3,430.20","3,452.90","3,495.00","3,381.20","3,399.00","3,404.70","3,421.22","30,49,803","10,43,40,42,110.10","1,30,333","8,47,028","27.77"
"MAZDOCK","EQ","09-Jun-2025","3,404.70","3,421.80","3,437.40","3,360.00","3,367.00","3,369.10","3,388.46","18,71,397","6,34,11,46,796.60","1,00,454","5,78,026","30.89"
"MAZDOCK","EQ","10-Jun-2025","3,369.10","3,387.80","3,427.00","3,377.30","3,399.80","3,397.70","3,400.88","17,80,915","6,05,66,79,380.40","73,926","4,69,807","26.38"
"MAZDOCK","EQ","11-Jun-2025","3,397.70","3,408.50","3,414.00","3,285.70","3,318.00","3,314.60","3,341.10","21,61,829","7,22,28,85,515.80","1,07,046","6,62,179","30.63"
"MAZDOCK","EQ","12-Jun-2025","3,314.60","3,313.90","3,343.40","3,200.50","3,212.20","3,210.40","3,260.57","25,82,741","8,42,11,99,379.20","1,21,059","9,95,628","38.55"
"MAZDOCK","EQ","13-Jun-2025","3,210.40","3,146.10","3,262.50","3,128.10","3,206.60","3,200.40","3,206.44","31,33,900","10,04,86,48,448.00","1,36,914","6,53,830","20.86"
"MAZDOCK","EQ","16-Jun-2025","3,200.40","3,210.00","3,250.00","3,077.70","3,165.00","3,165.60","3,145.81","30,42,556","9,57,12,92,414.60","1,44,553","6,92,175","22.75"
"MAZDOCK","EQ","17-Jun-2025","3,165.60","3,165.00","3,343.50","3,152.40","3,306.00","3,305.90","3,290.94","68,53,700","22,55,50,99,255.30","2,76,561","12,30,833","17.96"
"MAZDOCK","EQ","18-Jun-2025","3,305.90","3,317.90","3,326.90","3,238.00","3,248.10","3,257.40","3,273.80","25,43,098","8,32,55,93,936.30","1,13,983","3,79,891","14.94"
"MAZDOCK","EQ","19-Jun-2025","3,257.40","3,247.00","3,337.00","3,204.80","3,215.30","3,223.50","3,272.16","38,37,621","12,55,73,18,623.00","1,65,733","4,25,944","11.10"
"MAZDOCK","EQ","20-Jun-2025","3,223.50","3,227.00","3,269.00","3,185.00","3,266.80","3,256.40","3,228.06","25,95,055","8,37,69,94,335.70","1,09,415","4,48,732","17.29"
"MAZDOCK","EQ","23-Jun-2025","3,256.40","3,259.00","3,364.00","3,245.00","3,346.00","3,342.60","3,326.09","36,22,869","12,04,99,74,268.60","1,48,595","6,56,975","18.13"
"MAZDOCK","EQ","24-Jun-2025","3,342.60","3,359.00","3,369.00","3,262.80","3,283.30","3,281.40","3,289.27","21,50,242","7,07,27,33,237.70","99,620","4,28,931","19.95"
"MAZDOCK","EQ","25-Jun-2025","3,281.40","3,285.00","3,308.00","3,171.00","3,174.90","3,192.70","3,233.93","19,89,980","6,43,54,47,956.30","98,229","5,17,188","25.99"
"MAZDOCK","EQ","26-Jun-2025","3,192.70","3,200.00","3,239.90","3,108.90","3,125.00","3,121.90","3,151.56","23,81,173","7,50,44,05,056.00","1,21,419","6,63,030","27.84"
"MAZDOCK","EQ","27-Jun-2025","3,121.90","3,137.00","3,198.70","3,094.00","3,188.00","3,174.00","3,142.20","40,03,805","12,58,07,67,608.60","1,73,385","16,59,882","41.46"
"MAZDOCK","EQ","30-Jun-2025","3,174.00","3,240.00","3,289.00","3,193.00","3,247.00","3,244.30","3,235.83","31,37,273","10,15,16,97,489.30","1,48,338","5,91,338","18.85"
"MAZDOCK","EQ","01-Jul-2025","3,244.30","3,270.00","3,341.00","3,251.50","3,273.00","3,275.00","3,289.25","30,87,567","10,15,57,65,399.60","1,51,381","6,10,323","19.77"
"MAZDOCK","EQ","02-Jul-2025","3,275.00","3,279.90","3,294.80","3,240.00","3,280.00","3,278.20","3,268.28","15,98,186","5,22,33,20,405.60","77,770","2,80,912","17.58"
"MAZDOCK","EQ","03-Jul-2025","3,278.20","3,281.00","3,309.30","3,262.00","3,288.00","3,287.60","3,289.05","13,43,453","4,41,86,80,937.90","63,584","2,73,010","20.32"
"MAZDOCK","EQ","04-Jul-2025","3,287.60","3,320.00","3,369.00","3,308.20","3,325.00","3,329.00","3,341.27","24,59,626","8,21,82,86,637.40","1,20,695","5,73,124","23.30"
"MAZDOCK","EQ","07-Jul-2025","3,329.00","3,320.00","3,325.90","3,261.10","3,269.00","3,276.80","3,289.36","10,55,525","3,47,20,01,000.50","55,218","2,33,781","22.15"
"MAZDOCK","EQ","08-Jul-2025","3,276.80","3,264.00","3,308.00","3,242.80","3,293.00","3,291.40","3,276.35","11,06,880","3,62,65,28,536.60","55,715","2,09,900","18.96"
"MAZDOCK","EQ","09-Jul-2025","3,291.40","3,294.00","3,326.00","3,283.60","3,286.10","3,294.30","3,303.07","11,22,715","3,70,84,04,444.90","53,600","2,22,246","19.80"
"MAZDOCK","EQ","10-Jul-2025","3,294.30","3,293.00","3,300.70","3,251.00","3,258.00","3,263.00","3,273.43","7,99,906","2,61,84,40,009.80","44,293","1,55,025","19.38"
"MAZDOCK","EQ","11-Jul-2025","3,263.00","3,252.00","3,277.00","3,150.00","3,162.00","3,174.50","3,191.70","14,72,461","4,69,96,58,205.40","83,992","3,37,917","22.95"
"MAZDOCK","EQ","14-Jul-2025","3,174.50","3,148.00","3,148.00","3,092.00","3,112.40","3,113.60","3,117.66","11,87,188","3,70,12,53,336.00","73,634","3,12,216","26.30"
"MAZDOCK","EQ","15-Jul-2025","3,113.60","3,122.00","3,149.50","3,095.70","3,115.00","3,115.40","3,121.33","10,24,763","3,19,86,18,593.00","60,393","2,57,108","25.09"
"MAZDOCK","EQ","16-Jul-2025","3,115.40","3,123.90","3,131.80","3,102.00","3,103.00","3,107.80","3,114.77","5,89,944","1,83,75,40,125.20","38,124","1,35,240","22.92"
"MAZDOCK","EQ","17-Jul-2025","3,107.80","3,110.00","3,136.50","3,035.30","3,046.00","3,048.00","3,085.68","12,82,535","3,95,74,91,005.20","72,421","3,82,790","29.85"
"MAZDOCK","EQ","18-Jul-2025","3,048.00","3,056.90","3,090.00","2,972.10","2,979.70","2,982.00","3,016.10","12,09,686","3,64,85,34,798.40","75,133","3,27,967","27.11"
"MAZDOCK","EQ","21-Jul-2025","2,982.00","2,980.00","2,989.80","2,925.00","2,961.00","2,951.70","2,949.68","15,59,002","4,59,85,53,882.20","89,498","5,08,956","32.65"
"MAZDOCK","EQ","22-Jul-2025","2,951.70","2,965.00","3,020.00","2,912.00","2,934.00","2,921.80","2,964.03","15,33,590","4,54,56,06,421.20","75,976","4,52,271","29.49"
"MAZDOCK","EQ","23-Jul-2025","2,921.80","2,941.00","2,945.00","2,871.00","2,921.00","2,919.40","2,907.23","13,84,757","4,02,58,06,937.00","70,035","3,85,798","27.86"
"MAZDOCK","EQ","24-Jul-2025","2,919.40","2,932.50","2,977.30","2,922.70","2,957.30","2,959.50","2,955.73","12,20,790","3,60,83,22,610.40","66,065","2,41,239","19.76"
"MAZDOCK","EQ","25-Jul-2025","2,959.50","2,965.60","2,965.60","2,880.10","2,894.00","2,886.60","2,907.80","12,63,092","3,67,28,22,136.10","69,444","3,18,114","25.19"
"MAZDOCK","EQ","28-Jul-2025","2,886.60","2,886.00","2,907.70","2,767.00","2,792.80","2,789.90","2,833.25","16,57,607","4,69,64,10,072.90","96,756","3,98,349","24.03"
"MAZDOCK","EQ","29-Jul-2025","2,789.90","2,695.50","2,767.00","2,645.00","2,718.00","2,720.40","2,697.39","45,87,434","12,37,40,83,355.90","2,14,520","6,88,003","15.00"
"MAZDOCK","EQ","30-Jul-2025","2,720.40","2,728.90","2,768.20","2,710.00","2,761.00","2,759.70","2,733.34","15,45,793","4,22,51,76,096.70","77,510","2,67,947","17.33"
"MAZDOCK","EQ","31-Jul-2025","2,759.70","2,723.00","2,811.80","2,707.30","2,770.90","2,771.20","2,777.11","21,06,070","5,84,87,82,640.20","98,486","3,17,108","15.06"
"MAZDOCK","EQ","01-Aug-2025","2,771.20","2,780.10","2,784.00","2,710.00","2,714.00","2,721.80","2,732.70","10,54,142","2,88,06,54,803.30","64,604","3,29,639","31.27"
"MAZDOCK","EQ","04-Aug-2025","2,721.80","2,700.00","2,787.90","2,697.20","2,780.60","2,767.20","2,757.36","11,69,140","3,22,37,37,584.50","71,466","2,96,082","25.32"
"MAZDOCK","EQ","05-Aug-2025","2,767.20","2,787.40","2,857.00","2,774.20","2,847.40","2,847.80","2,821.51","17,46,787","4,92,85,79,501.40","1,00,052","3,02,716","17.33"
"MAZDOCK","EQ","06-Aug-2025","2,847.80","2,880.00","2,887.90","2,752.00","2,762.00","2,764.50","2,799.74","17,45,166","4,88,60,11,892.70","90,139","3,53,224","20.24"
"MAZDOCK","EQ","07-Aug-2025","2,764.50","2,764.00","2,798.00","2,721.10","2,795.00","2,785.00","2,767.02","12,59,966","3,48,63,55,175.60","73,308","2,74,062","21.75"
"MAZDOCK","EQ","08-Aug-2025","2,785.00","2,789.90","2,789.90","2,623.20","2,634.90","2,636.70","2,677.01","23,04,126","6,16,81,74,380.10","1,31,573","8,66,071","37.59"
"MAZDOCK","EQ","11-Aug-2025","2,636.70","2,636.80","2,755.00","2,624.00","2,703.00","2,697.30","2,707.95","19,19,753","5,19,85,94,957.80","1,09,629","3,56,772","18.58"
"MAZDOCK","EQ","12-Aug-2025","2,697.30","2,697.30","2,727.70","2,648.00","2,686.00","2,690.80","2,695.28","12,91,654","3,48,13,75,003.30","77,923","2,04,537","15.84"
"MAZDOCK","EQ","13-Aug-2025","2,690.80","2,713.00","2,770.00","2,704.20","2,745.00","2,748.80","2,745.21","12,80,614","3,51,55,56,597.50","67,322","3,21,537","25.11"
"MAZDOCK","EQ","14-Aug-2025","2,748.80","2,750.10","2,750.80","2,710.00","2,718.00","2,721.40","2,724.41","6,66,934","1,81,70,02,516.30","36,402","2,12,074","31.80"
"MAZDOCK","EQ","18-Aug-2025","2,721.40","2,771.40","2,785.90","2,715.30","2,742.00","2,739.20","2,746.26","10,45,907","2,87,23,33,006.80","58,028","2,17,206","20.77"
"MAZDOCK","EQ","19-Aug-2025","2,739.20","2,742.70","2,759.00","2,703.00","2,746.00","2,747.40","2,737.18","7,62,684","2,08,76,06,514.60","44,614","1,17,611","15.42"
"MAZDOCK","EQ","20-Aug-2025","2,747.40","2,748.00","2,796.00","2,722.00","2,795.00","2,772.90","2,751.40","12,20,000","3,35,67,03,409.70","57,830","2,38,791","19.57"
"MAZDOCK","EQ","21-Aug-2025","2,772.90","2,785.00","2,841.40","2,748.30","2,757.50","2,767.80","2,803.02","21,16,310","5,93,20,64,939.40","1,00,666","4,46,102","21.08"
"MAZDOCK","EQ","22-Aug-2025","2,767.80","2,754.90","2,757.90","2,695.50","2,700.00","2,700.30","2,727.46","11,26,864","3,07,34,78,585.00","64,328","3,34,069","29.65"
"MAZDOCK","EQ","25-Aug-2025","2,700.30","2,798.90","2,798.90","2,736.10","2,751.10","2,755.70","2,761.16","25,16,925","6,94,96,33,764.30","1,04,515","7,08,573","28.15"
"MAZDOCK","EQ","26-Aug-2025","2,755.70","2,732.00","2,732.00","2,672.00","2,684.90","2,687.80","2,697.54","13,71,398","3,69,94,03,395.00","73,929","3,45,890","25.22"
"MAZDOCK","EQ","28-Aug-2025","2,687.80","2,664.00","2,695.80","2,620.10","2,628.00","2,628.10","2,658.20","10,08,768","2,68,15,10,017.30","66,365","2,58,965","25.67"
"MAZDOCK","EQ","29-Aug-2025","2,628.10","2,628.50","2,660.00","2,596.70","2,605.00","2,603.10","2,627.39","11,41,973","3,00,04,12,968.90","69,532","2,81,666","24.66"
"MAZDOCK","EQ","01-Sep-2025","2,603.10","2,610.00","2,661.40","2,589.00","2,659.40","2,653.30","2,631.77","13,60,542","3,58,06,38,048.30","72,532","2,96,647","21.80"
"MAZDOCK","EQ","02-Sep-2025","2,653.30","2,655.00","2,756.90","2,636.00","2,733.00","2,731.00","2,712.54","18,49,519","5,01,68,87,032.30","89,412","4,31,896","23.35"
"MAZDOCK","EQ","03-Sep-2025","2,731.00","2,740.00","2,779.00","2,703.50","2,716.00","2,715.80","2,737.73","12,75,347","3,49,15,52,928.70","64,441","2,91,024","22.82"
"MAZDOCK","EQ","04-Sep-2025","2,715.80","2,740.00","2,748.70","2,675.10","2,685.30","2,680.30","2,702.86","9,22,825","2,49,42,64,941.90","48,763","2,53,438","27.46"
"MAZDOCK","EQ","05-Sep-2025","2,680.30","2,670.00","2,696.50","2,647.00","2,685.00","2,670.70","2,672.70","7,95,647","2,12,65,22,998.90","40,484","1,83,570","23.07"
"MAZDOCK","EQ","08-Sep-2025","2,670.70","2,675.00","2,692.50","2,659.90","2,668.00","2,665.00","2,676.14","6,60,270","1,76,69,72,453.20","37,503","2,42,993","36.80"
"MAZDOCK","EQ","09-Sep-2025","2,665.00","2,668.00","2,702.00","2,663.10","2,690.00","2,684.00","2,682.42","6,01,801","1,61,42,81,862.70","38,285","1,41,131","23.45"
"MAZDOCK","EQ","10-Sep-2025","2,684.00","2,686.00","2,760.00","2,686.00","2,759.90","2,755.30","2,733.84","12,38,729","3,38,64,91,911.80","61,165","4,07,227","32.87"
"MAZDOCK","EQ","11-Sep-2025","2,755.30","2,795.00","2,816.40","2,754.00","2,800.00","2,794.50","2,788.85","23,62,827","6,58,95,74,204.00","1,07,567","4,44,813","18.83"
"MAZDOCK","EQ","12-Sep-2025","2,794.50","2,809.00","2,939.40","2,792.10","2,929.10","2,924.70","2,898.21","42,78,838","12,40,09,57,701.60","1,91,636","9,35,678","21.87"
"MAZDOCK","EQ","15-Sep-2025","2,924.70","2,949.90","2,957.40","2,914.50","2,924.80","2,924.90","2,931.78","17,08,949","5,01,02,66,118.20","82,587","4,37,988","25.63"
"MAZDOCK","EQ","16-Sep-2025","2,924.90","2,926.10","2,958.80","2,896.60","2,946.60","2,946.00","2,938.15","11,96,416","3,51,52,49,925.20","59,594","2,91,167","24.34"
"MAZDOCK","EQ","17-Sep-2025","2,946.00","2,948.00","3,016.00","2,947.30","2,993.00","2,997.00","2,992.95","21,10,060","6,31,52,94,975.30","83,388","4,56,898","21.65"
"MAZDOCK","EQ","18-Sep-2025","2,997.00","3,008.50","3,030.00","2,971.50","2,983.50","2,984.60","3,001.06","14,62,742","4,38,97,71,626.20","74,919","3,41,925","23.38"
"MAZDOCK","EQ","19-Sep-2025","2,984.60","2,978.10","3,015.00","2,969.10","2,984.00","2,985.00","2,992.48","8,46,040","2,53,17,58,091.20","40,393","2,93,158","34.65"
"MAZDOCK","EQ","22-Sep-2025","2,985.00","3,025.00","3,061.40","2,963.50","2,976.00","2,976.40","3,011.24","17,75,858","5,34,75,40,933.00","74,118","4,19,391","23.62"
"MAZDOCK","EQ","23-Sep-2025","2,976.40","2,977.00","2,991.30","2,914.10","2,947.10","2,939.50","2,946.22","9,34,666","2,75,37,28,882.90","56,851","2,19,142","23.45"
"MAZDOCK","EQ","24-Sep-2025","2,939.50","2,959.70","2,995.00","2,924.00","2,945.00","2,940.20","2,956.62","14,86,145","4,39,39,60,224.50","76,893","3,05,961","20.59"
"MAZDOCK","EQ","25-Sep-2025","2,940.20","2,947.70","2,993.30","2,916.10","2,924.30","2,924.20","2,961.12","13,66,015","4,04,49,39,243.50","62,998","3,44,276","25.20"
"MAZDOCK","EQ","26-Sep-2025","2,924.20","2,920.00","2,920.00","2,821.10","2,839.00","2,827.60","2,860.41","9,43,654","2,69,92,38,163.60","54,554","2,40,259","25.46"