Symbol  ,Series  ,Date  ,Prev Close  ,Open Price  ,High Price  ,Low Price  ,Last Price  ,Close Price  ,Average Price ,Total Traded Quantity  ,Turnover ₹  ,No. of Trades  ,Deliverable Qty  ,% Dly Qt to Traded Qty  
MOTILALOFS,EQ,26-Sep-22,751.4,749.4,749.4,725.1,746.95,741.9,740.86,"50,868","3,76,86,252.15","3,768","30,345",59.65
MOTILALOFS,EQ,27-Sep-22,741.9,743.05,743.05,729,741,739.85,735.75,"24,647","1,81,33,929.45","2,466","12,997",52.73
MOTILALOFS,EQ,28-Sep-22,739.85,731,736,725.8,736,732.95,730.69,"27,900","2,03,86,168.30","2,540","16,005",57.37
MOTILALOFS,EQ,29-Sep-22,732.95,736.65,743,720,725.25,723.5,728.73,"31,400","2,28,82,168.75","2,458","17,298",55.09
MOTILALOFS,EQ,30-Sep-22,723.5,722,731,721.05,722,726,725.65,"27,992","2,03,12,514.85","2,311","15,157",54.15
MOTILALOFS,BL,03-Oct-22,905.7,726,726,726,726,726,726,"2,79,236","20,27,25,336.00",1,-,-
MOTILALOFS,EQ,03-Oct-22,726,715,748.7,715,735.45,733.65,724.19,"41,065","2,97,38,939.00","3,501","18,830",45.85
MOTILALOFS,EQ,04-Oct-22,733.65,748,748.25,726,729,728,733.02,"40,865","2,99,54,851.25","2,961","27,193",66.54
MOTILALOFS,EQ,06-Oct-22,728,731.65,739.9,729.95,731,730.7,733.51,"33,601","2,46,46,598.90","2,586","14,100",41.96
MOTILALOFS,EQ,07-Oct-22,730.7,734.4,738.85,710,714,713.4,719.5,"75,822","5,45,53,719.20","4,876","42,202",55.66
MOTILALOFS,EQ,10-Oct-22,713.4,711,715.95,702,702,702.65,704.64,"63,925","4,50,44,261.40","3,462","33,781",52.84
MOTILALOFS,EQ,11-Oct-22,702.65,703,707.3,695,697,697.8,703.1,"7,05,060","49,57,28,947.70","5,815","6,59,234",93.5
MOTILALOFS,EQ,12-Oct-22,697.8,707.95,732.45,696.05,701,704.3,708.4,"2,44,402","17,31,35,216.85","12,324","99,703",40.79
MOTILALOFS,EQ,13-Oct-22,704.3,705,716.4,698.2,705.8,702.7,705.38,"51,879","3,65,94,419.30","3,301","24,926",48.05
MOTILALOFS,EQ,14-Oct-22,702.7,714.5,720.2,702.7,708,706.2,711.25,"72,525","5,15,83,077.45","4,006","34,267",47.25
MOTILALOFS,EQ,17-Oct-22,706.2,706.15,716.3,697.2,709.8,710.25,709.82,"46,356","3,29,04,526.95","3,794","23,230",50.11
MOTILALOFS,EQ,18-Oct-22,710.25,712,714.35,696.25,702,702,702.57,"88,982","6,25,15,877.45","6,263","43,172",48.52
MOTILALOFS,EQ,19-Oct-22,702,705,741.4,703.4,720,713.2,721.25,"1,85,349","13,36,82,468.10","11,089","84,494",45.59
MOTILALOFS,EQ,20-Oct-22,713.2,708.2,717.85,697,702,702.2,709.08,"99,937","7,08,63,443.00","4,890","64,386",64.43
MOTILALOFS,EQ,21-Oct-22,702.2,703,709.75,690.25,693,695.25,700.77,"2,16,066","15,14,12,011.60","9,170","62,382",28.87
MOTILALOFS,EQ,24-Oct-22,695.25,700,727.05,700,716.95,722.55,718.18,"72,349","5,19,59,940.70","2,646","40,596",56.11
MOTILALOFS,EQ,25-Oct-22,722.55,718.05,718.05,697.3,701,700.6,707.25,"1,09,256","7,72,71,224.10","5,686","76,158",69.71
MOTILALOFS,EQ,27-Oct-22,700.6,705,707.45,699,702,700.95,703,"78,087","5,48,94,896.30","2,906","60,317",77.24
MOTILALOFS,EQ,28-Oct-22,700.95,704.5,704.5,682.1,684.3,684.2,687.47,"1,70,216","11,70,18,462.05","6,701","1,38,969",81.64
MOTILALOFS,EQ,31-Oct-22,684.2,686,692.75,683.15,685,685.05,687.38,"76,000","5,22,41,080.75","3,497","59,102",77.77
MOTILALOFS,EQ,01-Nov-22,685.05,688.5,694,683.9,688,689.9,687.92,"67,152","4,61,94,886.70","3,551","43,258",64.42
MOTILALOFS,EQ,02-Nov-22,689.9,693.35,694.35,684,686,687.8,688.3,"63,206","4,35,04,671.20","4,476","41,615",65.84
MOTILALOFS,EQ,03-Nov-22,687.8,686,688.95,678.9,681.9,682,683.48,"48,857","3,33,92,834.25","3,030","33,844",69.27
MOTILALOFS,EQ,04-Nov-22,682,685.05,686.95,679.05,683.5,682.75,682.04,"53,845","3,67,24,444.70","3,735","34,813",64.65
MOTILALOFS,EQ,07-Nov-22,682.75,686.2,686.2,679.15,681,682.5,681.97,"54,209","3,69,68,718.45","2,925","29,200",53.87
MOTILALOFS,EQ,09-Nov-22,682.5,685.05,699,682.5,689.7,692.95,692.87,"96,917","6,71,51,058.55","4,704","61,998",63.97
MOTILALOFS,EQ,10-Nov-22,692.95,696.45,696.45,680.55,690,688.45,687.87,"86,607","5,95,74,129.15","5,463","57,243",66.1
MOTILALOFS,EQ,11-Nov-22,688.45,691.9,699.45,686.3,689.2,692.25,690.91,"67,964","4,69,56,719.70","4,120","36,366",53.51
MOTILALOFS,EQ,14-Nov-22,692.25,695.75,695.75,683.05,686.2,689.7,687.89,"53,869","3,70,55,734.00","4,123","25,046",46.49
MOTILALOFS,EQ,15-Nov-22,689.7,685.1,693.4,685.1,686.8,688.05,688.67,"88,072","6,06,52,536.10","3,568","71,998",81.75
MOTILALOFS,EQ,16-Nov-22,688.05,692,708.5,685.25,685.3,689,694.46,"1,30,928","9,09,24,323.10","7,198","75,505",57.67
MOTILALOFS,EQ,17-Nov-22,689,685.3,690,682,683,683.7,685.63,"72,800","4,99,14,018.20","2,322","56,195",77.19
MOTILALOFS,EQ,18-Nov-22,683.7,680.2,689.25,674.25,679.95,677.65,678.45,"82,182","5,57,56,045.95","7,453","53,553",65.16
MOTILALOFS,EQ,21-Nov-22,677.65,677.65,690.35,664.05,666,667.35,671.87,"1,14,751","7,70,97,694.15","5,555","74,947",65.31
MOTILALOFS,EQ,22-Nov-22,667.35,667.35,672.55,662.45,666.95,666.35,666.39,"54,799","3,65,17,646.20","2,604","36,568",66.73
MOTILALOFS,EQ,23-Nov-22,666.35,667.1,668.9,658.9,659.85,660.95,662.26,"83,306","5,51,69,993.95","4,065","55,696",66.86
MOTILALOFS,EQ,24-Nov-22,660.95,660.95,665.8,657.1,658.9,659.5,661.15,"65,417","4,32,50,160.35","2,893","45,480",69.52
MOTILALOFS,EQ,25-Nov-22,659.5,662.9,662.9,653,655,654.5,655.12,"1,25,643","8,23,11,296.90","6,448","78,038",62.11
MOTILALOFS,EQ,28-Nov-22,654.5,663.95,667.95,657,658,660.35,661.29,"3,58,935","23,73,60,350.05","9,556","2,45,356",68.36
MOTILALOFS,EQ,29-Nov-22,660.35,662.9,672.35,660.7,663.95,663.6,665.23,"2,87,940","19,15,47,594.20","7,350","1,96,003",68.07
MOTILALOFS,EQ,30-Nov-22,663.6,666.95,670.95,661,662,662.7,664.15,"1,37,776","9,15,04,320.35","5,870","92,965",67.48
MOTILALOFS,EQ,01-Dec-22,662.7,666,671.7,664.05,666.3,665.7,667.07,"1,19,173","7,94,96,869.20","5,791","74,281",62.33
MOTILALOFS,EQ,02-Dec-22,665.7,666,668,662.5,665.5,666.2,665.92,"83,331","5,54,92,167.55","4,447","61,532",73.84
MOTILALOFS,EQ,05-Dec-22,666.2,666,673.95,664,670,668.65,668.21,"1,57,304","10,51,11,864.65","5,375","99,892",63.5
MOTILALOFS,EQ,06-Dec-22,668.65,678,678,666,667.8,667.9,669.67,"1,09,688","7,34,54,480.15","6,341","63,440",57.84
MOTILALOFS,EQ,07-Dec-22,667.9,668.55,671.95,660,660.9,661.25,664.32,"93,397","6,20,45,747.65","5,182","57,303",61.35
MOTILALOFS,EQ,08-Dec-22,661.25,661.9,665,660.4,662.95,663.3,663.41,"60,130","3,98,90,903.20","5,041","38,539",64.09
MOTILALOFS,EQ,09-Dec-22,663.3,669.9,669.9,660.3,663.35,663.75,664.49,"79,254","5,26,63,156.80","4,357","51,375",64.82
MOTILALOFS,EQ,12-Dec-22,663.75,668,669,660.05,661.6,665.1,664.31,"61,770","4,10,34,483.50","4,821","39,187",63.44
MOTILALOFS,EQ,13-Dec-22,665.1,665.05,665.05,655.2,657,656.5,658.66,"1,19,703","7,88,43,450.65","9,909","80,216",67.01
MOTILALOFS,EQ,14-Dec-22,656.5,657.4,678.95,656.05,673.9,676.3,667.68,"4,27,148","28,51,97,450.55","9,891","3,59,278",84.11
MOTILALOFS,EQ,15-Dec-22,676.3,679,721.95,679,709,708.4,709.51,"8,64,466","61,33,50,728.25","27,495","2,54,782",29.47
MOTILALOFS,EQ,16-Dec-22,708.4,708.9,714.35,697.4,710.6,707.8,706.71,"4,51,581","31,91,36,112.75","12,033","3,40,860",75.48
MOTILALOFS,EQ,19-Dec-22,707.8,707.8,714,692.15,705,701.2,701.4,"1,32,664","9,30,50,909.85","11,620","77,711",58.58
MOTILALOFS,EQ,20-Dec-22,701.2,703.7,721,698,717,717.9,714.24,"3,83,048","27,35,86,487.20","16,990","2,02,730",52.93
MOTILALOFS,EQ,21-Dec-22,717.9,721,728.45,695.75,704,705.65,713.37,"1,29,177","9,21,50,617.75","6,576","57,912",44.83
MOTILALOFS,EQ,22-Dec-22,705.65,704,710.5,688.85,703.6,703.6,700,"1,42,878","10,00,15,193.15","7,178","78,335",54.83
MOTILALOFS,EQ,23-Dec-22,703.6,696.2,698.6,674.75,684,676.05,684.07,"1,19,623","8,18,30,540.75","5,839","72,337",60.47
MOTILALOFS,EQ,26-Dec-22,676.05,676.05,699.9,669.9,683,686.15,686.95,"81,988","5,63,21,686.00","6,587","29,237",35.66
MOTILALOFS,EQ,27-Dec-22,686.15,683.35,699.95,683.3,699.5,696.5,690.31,"38,872","2,68,33,606.40","2,412","19,088",49.1
MOTILALOFS,EQ,28-Dec-22,696.5,699.6,705.9,691,693.5,693.25,698.07,"54,637","3,81,40,601.85","3,582","27,505",50.34
MOTILALOFS,EQ,29-Dec-22,693.25,693.25,697.6,684.55,694.05,691.15,689.27,"37,562","2,58,90,309.95","2,760","15,139",40.3
MOTILALOFS,EQ,30-Dec-22,691.15,690.65,695.9,684.9,687,686.35,688.76,"47,722","3,28,68,858.60","2,805","26,143",54.78
MOTILALOFS,EQ,02-Jan-23,686.35,689.8,700,685.9,695.55,694.75,695.03,"30,584","2,12,56,947.10","2,652","13,871",45.35
MOTILALOFS,EQ,03-Jan-23,694.75,694.75,714.9,694.75,711.05,711.05,701.92,"3,96,749","27,84,84,411.85","4,398","3,49,034",87.97
MOTILALOFS,EQ,04-Jan-23,711.05,711.1,728.8,710,719,717.2,720.53,"1,94,935","14,04,55,830.30","11,601","99,053",50.81
MOTILALOFS,EQ,05-Jan-23,717.2,720.8,720.8,701.35,706.8,706.15,707.24,"1,83,006","12,94,29,591.20","4,749","1,48,247",81.01
MOTILALOFS,EQ,06-Jan-23,706.15,701.2,710.35,700.25,702,702.4,704.22,"38,088","2,68,22,330.25","2,771","17,143",45.01
MOTILALOFS,EQ,09-Jan-23,702.4,704,715.8,704,713,713.65,711.94,"1,16,983","8,32,85,455.25","3,795","88,561",75.7
MOTILALOFS,EQ,10-Jan-23,713.65,718,718.5,703.95,710,709.75,712.84,"59,058","4,20,98,953.85","3,875","36,100",61.13
MOTILALOFS,EQ,11-Jan-23,709.75,710.2,717.4,700.55,717,711.65,712.52,"63,894","4,55,26,041.95","5,176","38,273",59.9
MOTILALOFS,EQ,12-Jan-23,711.65,710.2,719.8,704.9,719.8,714,711.89,"43,355","3,08,63,828.15","2,714","23,057",53.18
MOTILALOFS,EQ,13-Jan-23,714,716,750,713.05,743,742.75,740.6,"4,67,156","34,59,75,635.60","14,812","2,51,805",53.9
MOTILALOFS,EQ,16-Jan-23,742.75,746.95,748.4,732,732.4,736.45,739.48,"1,00,318","7,41,83,020.70","6,475","50,138",49.98
MOTILALOFS,EQ,17-Jan-23,736.45,737.95,750,734.5,747.8,744.85,745.19,"1,29,350","9,63,89,864.05","6,948","89,139",68.91
MOTILALOFS,EQ,18-Jan-23,744.85,745,750,731.55,738,737.6,742.33,"68,697","5,09,95,511.45","9,085","35,120",51.12
MOTILALOFS,EQ,19-Jan-23,737.6,737,752,734.05,736,738.75,741.96,"57,215","4,24,51,244.60","4,630","27,129",47.42
MOTILALOFS,EQ,20-Jan-23,738.75,741,743.95,716.7,723,723.2,729.83,"64,116","4,67,93,880.10","4,121","36,969",57.66
MOTILALOFS,EQ,23-Jan-23,723.2,723.2,732,707.7,728,725.65,720.07,"81,180","5,84,55,305.75","5,919","37,846",46.62
MOTILALOFS,EQ,24-Jan-23,725.65,725.65,738.9,715,732.05,725.35,726.06,"56,431","4,09,72,248.80","4,191","16,252",28.8
MOTILALOFS,EQ,25-Jan-23,725.35,705.05,708,683,690,692.45,697.02,"1,61,628","11,26,58,309.80","9,906","77,408",47.89
MOTILALOFS,EQ,27-Jan-23,692.45,686.2,695,676,678,681.1,684.37,"96,999","6,63,83,028.40","6,895","57,883",59.67
MOTILALOFS,EQ,30-Jan-23,681.1,681.1,692.5,665.1,673,671.4,672.03,"63,133","4,24,27,585.60","5,812","38,973",61.73
MOTILALOFS,EQ,31-Jan-23,671.4,674.3,684.65,664.05,684.65,681.4,678.22,"49,489","3,35,64,204.25","4,321","32,619",65.91
MOTILALOFS,EQ,01-Feb-23,681.4,690,700.45,665,668.3,668.9,680.77,"99,867","6,79,86,796.80","6,326","56,755",56.83
MOTILALOFS,EQ,02-Feb-23,668.9,669.4,697,661,693,692.95,683.77,"70,614","4,82,84,076.45","6,363","33,825",47.9
MOTILALOFS,EQ,03-Feb-23,692.95,690.65,703,675.4,695.8,697.45,686.91,"39,622","2,72,16,804.25","3,195","22,152",55.91
MOTILALOFS,EQ,06-Feb-23,697.45,699.7,699.7,681.5,684,688.9,690.66,"45,742","3,15,92,330.00","3,411","23,425",51.21
MOTILALOFS,EQ,07-Feb-23,688.9,690.15,690.15,677.85,687,687.5,683.97,"41,047","2,80,74,736.85","3,252","20,557",50.08
MOTILALOFS,EQ,08-Feb-23,687.5,685.05,699.25,682.7,697,697,695.44,"34,717","2,41,43,693.50","2,109","19,650",56.6
MOTILALOFS,EQ,09-Feb-23,697,695.25,697.45,672.35,677,677.75,682.11,"52,590","3,58,71,946.30","3,034","31,327",59.57
MOTILALOFS,EQ,10-Feb-23,677.75,677.75,689,677.45,683.5,683.6,683.57,"36,359","2,48,53,775.60","2,609","20,299",55.83
MOTILALOFS,EQ,13-Feb-23,683.6,682.9,684.95,661.15,662,662.1,665.99,"1,25,953","8,38,83,139.45","8,481","80,323",63.77
MOTILALOFS,EQ,14-Feb-23,662.1,665.45,665.45,645,647,650.6,653.57,"80,922","5,28,88,138.05","5,615","51,289",63.38
MOTILALOFS,EQ,15-Feb-23,650.6,648.95,662,647.05,660,655.55,654.81,"65,478","4,28,75,546.20","3,517","43,435",66.34
MOTILALOFS,EQ,16-Feb-23,655.55,658.85,662,656.05,659.8,658.8,659.12,"24,169","1,59,30,206.20","2,678","13,718",56.76
MOTILALOFS,EQ,17-Feb-23,658.8,658,662.25,656,658,657.55,658.84,"20,527","1,35,23,919.05","1,970","10,466",50.99
MOTILALOFS,EQ,20-Feb-23,657.55,657.55,662,654,658,658.9,658.24,"49,224","3,24,01,413.85","5,143","29,279",59.48
MOTILALOFS,EQ,21-Feb-23,658.9,659.8,665.8,652,655.8,657.6,659.14,"1,03,995","6,85,46,829.55","12,363","39,860",38.33
MOTILALOFS,EQ,22-Feb-23,657.6,658,658.05,632.8,636.05,639.1,641.53,"99,141","6,36,01,875.20","9,140","55,728",56.21
MOTILALOFS,EQ,23-Feb-23,639.1,633.5,637.1,622,625.7,623.75,626.95,"83,653","5,24,46,441.95","6,659","46,100",55.11
MOTILALOFS,EQ,24-Feb-23,623.75,627,630.7,610.6,621,620.3,620.78,"82,161","5,10,04,115.80","7,748","38,702",47.11
MOTILALOFS,EQ,27-Feb-23,620.3,622,625.3,603.15,609.95,609.3,613.07,"66,619","4,08,42,085.90","4,732","43,265",64.94
MOTILALOFS,EQ,28-Feb-23,609.3,611,613.2,597.2,597.5,600.1,604.15,"95,928","5,79,54,659.75","7,905","69,953",72.92
MOTILALOFS,EQ,01-Mar-23,600.1,600,604.9,598.25,602,602.4,601.28,"98,777","5,93,92,737.50","5,840","62,898",63.68
MOTILALOFS,EQ,02-Mar-23,602.4,603.15,606.95,598.05,600.1,600.15,600.63,"81,527","4,89,67,712.05","5,061","56,801",69.67
MOTILALOFS,EQ,03-Mar-23,600.15,601.1,607.9,600.35,601.5,601.25,602.06,"73,708","4,43,76,793.10","4,360","53,398",72.45
MOTILALOFS,EQ,06-Mar-23,601.25,605,629.75,603.25,605.05,607.9,609.43,"1,10,987","6,76,38,970.00","5,582","62,102",55.95
MOTILALOFS,EQ,08-Mar-23,607.9,611.95,611.95,598,604,603.45,602.55,"1,60,221","9,65,40,715.55","10,438","1,15,389",72.02
MOTILALOFS,EQ,09-Mar-23,603.45,606.4,609.95,602.5,604,604.5,604.71,"75,018","4,53,64,153.35","8,660","53,860",71.8
MOTILALOFS,EQ,10-Mar-23,604.5,599,602,596.1,599.95,598.3,598.88,"89,920","5,38,51,031.30","5,168","57,279",63.7
MOTILALOFS,EQ,13-Mar-23,598.3,598.3,601.3,578.45,586.85,583.75,587.11,"93,131","5,46,78,390.35","8,027","52,919",56.82
MOTILALOFS,EQ,14-Mar-23,583.75,582,588.45,575,579,577.1,578.96,"74,862","4,33,41,960.85","6,980","45,252",60.45
MOTILALOFS,EQ,15-Mar-23,577.1,580.9,585,576.8,580.3,580,580.5,"56,350","3,27,10,969.05","2,928","40,018",71.02
MOTILALOFS,EQ,16-Mar-23,580,578.1,582.3,575,579,579.25,579,"48,099","2,78,49,200.70","4,957","30,676",63.78
MOTILALOFS,EQ,17-Mar-23,579.25,582.15,584,571.2,576.95,575.6,577.5,"62,681","3,61,98,525.15","4,364","36,663",58.49
MOTILALOFS,EQ,20-Mar-23,575.6,650.4,650.4,570.1,572.95,573.25,573.71,"2,41,460","13,85,29,054.25","17,174","1,91,910",79.48
MOTILALOFS,EQ,21-Mar-23,573.25,575.95,576.45,570.1,572.95,572.45,572.75,"54,533","3,12,33,990.15","5,658","36,258",66.49
MOTILALOFS,EQ,22-Mar-23,572.45,575.35,580.7,567.1,568,568.35,571.84,"91,327","5,22,24,836.25","3,774","61,280",67.1
MOTILALOFS,EQ,23-Mar-23,568.35,568,569.95,557,557.6,559.4,563.59,"86,282","4,86,27,769.55","5,449","42,954",49.78
MOTILALOFS,EQ,24-Mar-23,559.4,560,562.3,552.1,561,558.6,558.36,"1,62,016","9,04,63,704.70","5,342","1,20,252",74.22
MOTILALOFS,EQ,27-Mar-23,558.6,560.95,569.55,551.25,551.6,553.55,557.21,"3,30,224","18,40,03,824.70","6,738","2,78,684",84.39
MOTILALOFS,EQ,28-Mar-23,553.55,556.5,577,552.2,573,563.3,563.96,"3,03,975","17,14,29,338.25","11,307","1,77,903",58.53
MOTILALOFS,EQ,29-Mar-23,563.3,570,585.8,564.05,585,580.15,578.94,"1,84,402","10,67,57,475.95","6,702","1,24,695",67.62
MOTILALOFS,EQ,31-Mar-23,580.15,585.8,619.95,585,610,610.3,609.22,"2,13,580","13,01,16,543.45","10,011","1,09,722",51.37
MOTILALOFS,EQ,03-Apr-23,610.3,615,631,608.75,629.95,627.95,623.41,"75,364","4,69,82,838.55","4,626","34,156",45.32
MOTILALOFS,EQ,05-Apr-23,627.95,628,629.95,616.15,620,619,622.89,"48,438","3,01,71,588.80","3,684","26,439",54.58
MOTILALOFS,EQ,06-Apr-23,619,622.1,637,618.1,633,633.35,631.49,"67,105","4,23,76,220.65","6,660","35,078",52.27
MOTILALOFS,EQ,10-Apr-23,633.35,633.75,640.85,620.95,639.95,638.9,633.72,"64,387","4,08,03,066.35","6,729","31,128",48.35
MOTILALOFS,EQ,11-Apr-23,638.9,642.3,649.1,636.6,643,642.05,644.21,"46,004","2,96,36,179.00","4,907","25,303",55
MOTILALOFS,EQ,12-Apr-23,642.05,643.9,645.4,636.1,638.8,639.3,640.43,"19,062","1,22,07,891.95","1,688","10,627",55.75
MOTILALOFS,EQ,13-Apr-23,639.3,633.55,648,629,635,634.3,634.72,"26,344","1,67,21,135.70","3,436","13,096",49.71
MOTILALOFS,EQ,17-Apr-23,634.3,630.25,637.6,619,619,622.3,626.98,"54,855","3,43,93,101.15","5,554","28,180",51.37
MOTILALOFS,EQ,18-Apr-23,622.3,622.3,623.55,605.05,612,613.25,613.9,"1,01,463","6,22,88,043.55","10,549","49,443",48.73
MOTILALOFS,EQ,19-Apr-23,613.25,616.45,623.8,611,613,612.35,616.47,"49,796","3,06,97,533.10","5,299","31,780",63.82
MOTILALOFS,EQ,20-Apr-23,612.35,615,617,598.95,602,600.35,604.8,"85,972","5,19,95,973.40","6,312","56,119",65.28
MOTILALOFS,EQ,21-Apr-23,600.35,600,610.55,600,610,608.7,606.64,"25,118","1,52,37,587.40","2,280","12,226",48.67
MOTILALOFS,EQ,24-Apr-23,608.7,614.55,614.55,593.55,602.5,603.5,601.61,"73,221","4,40,50,523.80","6,213","38,835",53.04
MOTILALOFS,EQ,25-Apr-23,603.5,608.35,610.45,600.25,607.95,607.35,605.49,"78,777","4,76,98,565.15","6,804","38,752",49.19
MOTILALOFS,EQ,26-Apr-23,607.35,607.95,609.3,604.3,606,607.15,607.6,"22,952","1,39,45,532.30","2,141","12,169",53.02
MOTILALOFS,EQ,27-Apr-23,607.15,610.3,632,605.3,629,626.85,623,"1,17,862","7,34,28,058.80","5,401","47,525",40.32
MOTILALOFS,EQ,28-Apr-23,626.85,610.25,624.9,598.05,618.4,618.55,612.27,"1,91,684","11,73,61,953.95","8,458","73,067",38.12
MOTILALOFS,EQ,02-May-23,618.55,618.9,627.8,607,608,608.35,613.7,"97,607","5,99,01,474.85","6,430","60,787",62.28
MOTILALOFS,EQ,03-May-23,608.35,607,610.15,605.05,607.1,608,608.48,"47,218","2,87,31,287.90","2,640","31,588",66.9
MOTILALOFS,EQ,04-May-23,608,608,616.45,605,609.4,609.4,610.37,"68,007","4,15,09,547.80","4,438","38,085",56
MOTILALOFS,EQ,05-May-23,609.4,606.45,609.5,600.05,604,601.4,604.56,"67,411","4,07,54,171.70","3,242","46,114",68.41
MOTILALOFS,EQ,08-May-23,601.4,602.1,612,582.7,584.5,584.55,589.95,"2,57,688","15,20,22,449.00","12,294","1,61,767",62.78
MOTILALOFS,EQ,09-May-23,584.55,588,617.5,584.3,599.8,599.75,603.55,"3,68,780","22,25,77,167.10","14,151","1,56,356",42.4
MOTILALOFS,EQ,10-May-23,599.75,607.55,635,601.95,633.7,633.55,622.13,"4,84,663","30,15,23,143.60","14,784","2,36,177",48.73
MOTILALOFS,EQ,11-May-23,633.55,640,663.8,630.5,659.1,660.25,647.48,"3,68,210","23,84,09,879.70","15,052","1,78,102",48.37
MOTILALOFS,EQ,12-May-23,660.25,660,668,647.1,649.1,651.45,657.75,"2,54,212","16,72,08,712.05","10,216","1,13,482",44.64
MOTILALOFS,EQ,15-May-23,651.45,640,644.9,624.65,628.55,628.3,633.15,"2,31,954","14,68,60,520.50","10,022","1,13,751",49.04
MOTILALOFS,EQ,16-May-23,628.3,630.65,639.65,620,620.85,622.8,630.05,"1,57,157","9,90,16,400.20","9,755","87,261",55.52
MOTILALOFS,EQ,17-May-23,622.8,622.7,641.9,618.85,635.2,633.95,633.08,"1,37,870","8,72,82,760.80","8,051","62,698",45.48
MOTILALOFS,EQ,18-May-23,633.95,637,647.45,630,630,631.75,639.38,"67,114","4,29,11,219.90","4,340","31,660",47.17
MOTILALOFS,EQ,19-May-23,631.75,636.7,636.7,620,620.1,621.95,625.37,"84,097","5,25,91,356.90","4,069","43,407",51.62
MOTILALOFS,EQ,22-May-23,621.95,620.45,639.95,616.3,637,636.7,634.03,"95,651","6,06,45,461.20","7,902","52,160",54.53
MOTILALOFS,EQ,23-May-23,636.7,642.6,644.55,630.15,640,631.85,637.82,"63,550","4,05,33,219.80","3,746","33,866",53.29
MOTILALOFS,EQ,24-May-23,631.85,615.8,642.05,615.8,635.9,636.7,637.41,"71,463","4,55,50,950.70","4,744","27,658",38.7
MOTILALOFS,EQ,25-May-23,636.7,634.95,640,626.5,632.45,635.5,633.34,"54,527","3,45,34,243.95","4,200","24,728",45.35
MOTILALOFS,EQ,26-May-23,635.5,635,640,628.1,631.35,631.9,632.95,"36,500","2,31,02,695.65","3,116","16,434",45.02
MOTILALOFS,EQ,29-May-23,631.9,636,652.8,636,643.9,642.3,643.46,"95,087","6,11,84,912.45","5,430","44,694",47
MOTILALOFS,EQ,30-May-23,642.3,645.6,645.6,631,633,633.45,635.75,"49,981","3,17,75,639.40","2,772","26,994",54.01
MOTILALOFS,EQ,31-May-23,633.45,634,640,629.15,637.4,637.55,633.15,"65,000","4,11,54,971.70","5,237","32,888",50.6
MOTILALOFS,EQ,01-Jun-23,637.55,638.95,644.15,636.85,638,639.25,640.45,"41,938","2,68,59,385.75","3,416","23,525",56.09
MOTILALOFS,EQ,02-Jun-23,639.25,645,649,635,638,638.55,640.42,"62,220","3,98,46,770.45","4,483","32,606",52.4
MOTILALOFS,EQ,05-Jun-23,638.55,643.95,647,639,640.4,641.2,641.99,"51,031","3,27,61,634.10","4,000","29,404",57.62
MOTILALOFS,EQ,06-Jun-23,641.2,647.95,666,645.05,662.85,662.85,657.01,"1,95,191","12,82,43,222.75","8,962","1,01,357",51.93
MOTILALOFS,EQ,07-Jun-23,662.85,666.85,686,658.45,672.9,676.8,673.77,"2,17,683","14,66,68,090.75","11,083","1,01,449",46.6
MOTILALOFS,EQ,08-Jun-23,676.8,673.05,682,671.65,676.5,675.65,675.68,"1,02,043","6,89,47,913.75","5,706","59,267",58.08
MOTILALOFS,EQ,09-Jun-23,675.65,676,679,663.35,667,668.75,669.73,"77,891","5,21,65,968.75","4,962","40,191",51.6
MOTILALOFS,EQ,12-Jun-23,668.75,670,673.15,661,662,662.6,665.33,"48,055","3,19,72,634.10","4,472","24,852",51.72
MOTILALOFS,EQ,13-Jun-23,662.6,663.35,683.8,663.35,665,666.45,671.97,"1,15,880","7,78,67,830.15","7,660","54,573",47.09
MOTILALOFS,EQ,14-Jun-23,666.45,668.95,697,667.05,691.8,693.4,685.11,"2,40,287","16,46,23,387.30","14,661","1,32,779",55.26
MOTILALOFS,EQ,15-Jun-23,693.4,692.9,701,678.95,686,683.4,688.46,"1,58,777","10,93,11,400.15","9,585","72,214",45.48
MOTILALOFS,EQ,16-Jun-23,683.4,693,717.2,684.25,707.05,706.6,704.95,"2,39,650","16,89,41,793.50","11,833","1,32,618",55.34
MOTILALOFS,EQ,19-Jun-23,706.6,720,724.85,708.95,719,718.6,718.19,"1,46,138","10,49,54,828.80","7,596","78,307",53.58
MOTILALOFS,EQ,20-Jun-23,718.6,715.9,715.9,686.05,690.5,691.2,692.74,"3,28,802","22,77,73,887.60","15,132","1,27,521",38.78
MOTILALOFS,EQ,21-Jun-23,691.2,695,705.85,692.55,695,696.15,698.65,"1,25,132","8,74,22,877.55","6,420","62,905",50.27
MOTILALOFS,EQ,22-Jun-23,696.15,699.65,705.15,677,682,682,691.24,"1,56,199","10,79,71,548.00","7,657","69,916",44.76
MOTILALOFS,EQ,23-Jun-23,682,685.45,694.8,670.95,671.1,673.6,682.36,"1,01,773","6,94,45,574.55","6,356","45,610",44.82
MOTILALOFS,EQ,26-Jun-23,673.6,674.25,695.9,674,684.3,684.8,683.84,"1,41,779","9,69,54,243.05","8,703","59,480",41.95
MOTILALOFS,EQ,27-Jun-23,684.8,688.25,692.35,679.6,680.4,683.15,685.77,"59,801","4,10,09,965.40","4,705","32,047",53.59
MOTILALOFS,EQ,28-Jun-23,683.15,686.7,713.05,686.4,705.25,705.15,701.9,"2,29,199","16,08,75,048.90","12,358","1,27,266",55.53
MOTILALOFS,EQ,30-Jun-23,705.15,707.05,738,707.05,728.1,728,728.99,"3,39,372","24,74,00,220.25","13,331","1,62,782",47.97
MOTILALOFS,EQ,03-Jul-23,728,734.5,744.75,728.75,736.05,738.8,736.34,"1,79,131","13,19,02,173.10","17,515","92,490",51.63
MOTILALOFS,EQ,04-Jul-23,738.8,741,741,716.1,719.3,718.15,727.08,"1,13,299","8,23,77,751.70","8,558","48,459",42.77
MOTILALOFS,EQ,05-Jul-23,718.15,721,742,720,740,738.7,734.9,"1,49,062","10,95,45,764.05","10,240","89,983",60.37
MOTILALOFS,EQ,06-Jul-23,738.7,738.55,749.75,725.05,740.75,740.75,740.71,"1,21,647","9,01,05,331.95","8,401","62,620",51.48
MOTILALOFS,EQ,07-Jul-23,740.75,743.9,745.75,719.2,725.8,721.55,730.51,"1,06,095","7,75,03,482.55","8,168","52,163",49.17
MOTILALOFS,EQ,10-Jul-23,721.55,722,745.4,722,730.65,734.9,737.28,"1,26,013","9,29,06,712.80","8,064","53,134",42.17
MOTILALOFS,EQ,11-Jul-23,734.9,742,745.8,736,743,742.05,741.19,"82,394","6,10,69,265.35","5,938","46,971",57.01
MOTILALOFS,EQ,12-Jul-23,742.05,745,746,732,740,741.65,740.68,"86,938","6,43,92,825.45","6,046","42,996",49.46
MOTILALOFS,EQ,13-Jul-23,741.65,742.75,759.9,742.75,756.05,755.3,754.38,"1,30,805","9,86,76,457.50","8,068","67,707",51.76
MOTILALOFS,EQ,14-Jul-23,755.3,762.55,763.95,728.4,746.8,742.95,753.58,"2,21,425","16,68,61,742.75","14,341","1,43,652",64.88
MOTILALOFS,EQ,17-Jul-23,742.95,750,751.85,743.6,745,747.4,749.23,"84,698","6,34,58,566.20","5,286","53,579",63.26
MOTILALOFS,EQ,18-Jul-23,747.4,746.7,751.2,725.45,730,728.55,734.54,"91,517","6,72,23,181.55","9,283","46,104",50.38
MOTILALOFS,EQ,19-Jul-23,728.55,731.9,750.05,729.4,745,744.9,743.82,"1,47,183","10,94,78,024.70","7,218","1,05,325",71.56
MOTILALOFS,EQ,20-Jul-23,744.9,744.9,748.6,741.05,747,746.6,745.03,"80,152","5,97,15,984.50","5,072","50,120",62.53
MOTILALOFS,EQ,21-Jul-23,746.6,745,745.75,738,744.1,744.55,744.34,"66,445","4,94,57,753.60","3,984","49,719",74.83
MOTILALOFS,EQ,24-Jul-23,744.55,744.9,746.25,726.2,744.5,742.75,743.49,"1,08,883","8,09,53,470.00","6,343","79,068",72.62
MOTILALOFS,EQ,25-Jul-23,742.75,745,785,736.1,778,782.4,772.51,"4,32,377","33,40,16,801.20","19,222","1,91,502",44.29
MOTILALOFS,EQ,26-Jul-23,782.4,785,854.9,782,837,836,828.17,"11,99,699","99,35,59,331.70","42,075","3,00,459",25.04
MOTILALOFS,EQ,27-Jul-23,836,833.05,835,814,819,818,820.71,"2,24,063","18,38,91,111.95","11,184","1,10,463",49.3
MOTILALOFS,EQ,28-Jul-23,818,855.35,889.95,815,819.8,822.75,853.34,"15,83,434","1,35,12,03,716.00","41,716","4,15,115",26.22
MOTILALOFS,EQ,31-Jul-23,822.75,845.95,845.95,827.1,838.35,838.45,837.12,"2,12,815","17,81,52,541.95","9,857","93,373",43.88
MOTILALOFS,EQ,01-Aug-23,838.45,841,845.95,820.6,830.75,829.55,832.39,"1,28,210","10,67,20,167.10","8,419","58,434",45.58
MOTILALOFS,EQ,02-Aug-23,829.55,830.4,835.25,797.45,807.95,804.45,813.98,"1,43,295","11,66,39,576.75","10,516","69,098",48.22
MOTILALOFS,EQ,03-Aug-23,804.45,807.9,863.8,806,840,838.5,846.68,"7,78,500","65,91,40,047.70","31,516","2,84,168",36.5
MOTILALOFS,EQ,04-Aug-23,838.5,840,850.45,825.7,827,830.85,837.85,"1,01,220","8,48,06,852.75","6,138","44,087",43.56
MOTILALOFS,EQ,07-Aug-23,830.85,844.8,866.95,837.1,857.8,862.8,855.49,"2,22,590","19,04,23,819.30","12,545","1,01,752",45.71
MOTILALOFS,EQ,08-Aug-23,862.8,862.45,876.7,849.05,854.25,853.45,861.42,"1,86,922","16,10,18,262.80","21,340","97,352",52.08
MOTILALOFS,EQ,09-Aug-23,853.45,855.8,855.8,838.45,854.75,853.9,845.88,"1,14,352","9,67,28,334.70","6,330","63,495",55.53
MOTILALOFS,EQ,10-Aug-23,853.9,854.85,892.7,848,877.2,877.3,879.21,"3,66,254","32,20,14,280.10","16,594","1,72,114",46.99
MOTILALOFS,EQ,11-Aug-23,877.3,877.3,924.75,871.05,915,915.1,905.08,"4,94,155","44,72,49,552.75","25,071","1,87,502",37.94
MOTILALOFS,EQ,14-Aug-23,915.1,909.5,954,893.25,954,943.7,932.26,"4,67,166","43,55,19,800.75","25,120","2,22,240",47.57
MOTILALOFS,EQ,16-Aug-23,943.7,945,962.8,940.55,948.9,948.9,948.71,"2,04,201","19,37,28,289.75","8,994","1,06,914",52.36
MOTILALOFS,EQ,17-Aug-23,948.9,949.95,949.95,896,905.7,904.8,919.05,"2,09,268","19,23,27,494.25","16,808","92,582",44.24
MOTILALOFS,EQ,18-Aug-23,904.8,908.9,919.5,884.8,906,896.8,900.91,"1,63,881","14,76,42,451.30","12,007","61,248",37.37
MOTILALOFS,EQ,21-Aug-23,896.8,907.4,924.8,897.85,914.9,914,911.45,"1,39,741","12,73,66,558.10","11,422","62,810",44.95
MOTILALOFS,EQ,22-Aug-23,914,915,920.5,904,904.05,908.5,914.03,"94,930","8,67,68,992.85","9,264","42,296",44.55
MOTILALOFS,EQ,23-Aug-23,908.5,914.9,914.9,895.15,901,898,903.83,"80,403","7,26,70,400.75","7,295","40,290",50.11
MOTILALOFS,EQ,24-Aug-23,898,898.85,909,890.4,892.45,892.45,897.93,"57,028","5,12,06,945.35","5,177","27,183",47.67
MOTILALOFS,EQ,25-Aug-23,892.45,888,910,868.9,881.25,882.8,888.86,"1,27,453","11,32,88,296.30","9,838","61,920",48.58
MOTILALOFS,EQ,28-Aug-23,882.8,882.8,886.95,860,866.1,865.4,871.45,"1,04,151","9,07,62,771.45","8,324","58,424",56.1
MOTILALOFS,EQ,29-Aug-23,865.4,867.3,884,865.2,879.6,879.55,876.19,"97,603","8,55,18,345.65","8,297","48,744",49.94
MOTILALOFS,EQ,30-Aug-23,879.55,884.2,905.05,884.2,899.6,900,899.02,"1,05,019","9,44,14,694.40","11,481","60,958",58.04
MOTILALOFS,EQ,31-Aug-23,900,901.7,924.9,891.6,922,919.95,910.89,"1,59,670","14,54,41,742.35","8,943","1,02,451",64.16
MOTILALOFS,EQ,01-Sep-23,919.95,922,922,902.6,906,908.7,910.38,"1,08,656","9,89,18,758.40","6,576","63,010",57.99
MOTILALOFS,EQ,04-Sep-23,908.7,912.55,916.55,902.15,906,906.1,908.35,"53,477","4,85,76,088.20","5,617","29,389",54.96
MOTILALOFS,EQ,05-Sep-23,906.1,906.1,913,883.1,894.2,894.3,900.23,"1,10,041","9,90,62,288.05","8,538","57,709",52.44
MOTILALOFS,EQ,06-Sep-23,894.3,898.8,908,894,904,903,902,"1,48,892","13,43,01,103.90","5,333","1,23,764",83.12
MOTILALOFS,EQ,07-Sep-23,903,907.8,912,894,898,899.4,903.03,"65,764","5,93,86,935.15","6,143","31,029",47.18
MOTILALOFS,EQ,08-Sep-23,899.4,903.3,908.6,878.3,883,881.4,890.39,"1,73,442","15,44,30,279.75","14,885","1,06,995",61.69
MOTILALOFS,EQ,11-Sep-23,881.4,894.5,913,881.4,911.4,909.7,905.99,"1,98,545","17,98,79,694.15","11,341","1,14,487",57.66
MOTILALOFS,EQ,12-Sep-23,909.7,916,931.75,873.45,884,882,897.02,"2,18,455","19,59,57,718.50","14,303","98,419",45.05
MOTILALOFS,EQ,13-Sep-23,882,888.9,894.75,860.6,882,873.9,873.66,"1,55,665","13,59,98,421.70","13,966","81,476",52.34
MOTILALOFS,EQ,14-Sep-23,873.9,877.6,897,874,875,876.45,883.87,"1,03,040","9,10,74,352.85","10,714","52,803",51.25
MOTILALOFS,EQ,15-Sep-23,876.45,877.8,885.65,848,851.25,852.75,856.89,"6,15,733","52,76,15,540.65","34,614","4,34,101",70.5
MOTILALOFS,EQ,18-Sep-23,852.75,861.95,885.85,854.75,880,879.45,875.62,"1,66,135","14,54,70,964.30","13,271","75,460",45.42
MOTILALOFS,EQ,20-Sep-23,879.45,879.45,883.4,860,865,869.75,866.5,"92,623","8,02,58,164.75","8,203","47,483",51.26
MOTILALOFS,EQ,21-Sep-23,869.75,869.2,870.1,851,853,852.65,856.82,"77,968","6,68,04,752.70","6,157","35,668",45.75
MOTILALOFS,EQ,22-Sep-23,852.65,853.2,860.4,841.3,855,854.6,851.31,"63,707","5,42,34,526.45","6,964","31,118",48.85
MOTILALOFS,EQ,25-Sep-23,854.6,855.05,860.8,846.8,853,852.85,853.12,"49,115","4,19,01,072.50","6,527","26,942",54.85
MOTILALOFS,EQ,26-Sep-23,852.85,853.3,868,845.75,851,858.75,855.09,"1,08,727","9,29,71,889.85","8,737","71,731",65.97
MOTILALOFS,EQ,27-Sep-23,858.75,859,893,855.55,882.7,881.5,875.46,"1,80,270","15,78,19,176.95","12,916","90,189",50.03
MOTILALOFS,EQ,28-Sep-23,881.5,887.7,891.5,866.4,875,875.95,879.36,"1,32,106","11,61,68,092.45","10,764","60,343",45.68
MOTILALOFS,EQ,29-Sep-23,875.95,878.8,887.3,873,878.5,878.85,880.21,"44,606","3,92,62,804.85","4,347","20,480",45.91
MOTILALOFS,EQ,03-Oct-23,878.85,876,923.05,865.2,916,917.25,904.58,"2,83,032","25,60,24,614.25","18,166","1,18,890",42.01
MOTILALOFS,EQ,04-Oct-23,917.25,917,918.5,885.05,893,895.65,900.9,"98,441","8,86,85,525.25","10,527","42,493",43.17
MOTILALOFS,EQ,05-Oct-23,895.65,892.2,941.9,890.75,936,935.3,924.55,"3,25,314","30,07,68,008.50","17,323","1,30,240",40.04
MOTILALOFS,EQ,06-Oct-23,935.3,935.3,948.5,917.65,930,924.65,930.68,"2,57,954","24,00,71,524.70","16,617","1,24,493",48.26
MOTILALOFS,EQ,09-Oct-23,924.65,919.05,919.95,890,897,898.45,903.15,"1,42,780","12,89,52,370.55","10,461","65,647",45.98
MOTILALOFS,EQ,10-Oct-23,898.45,909,923.7,901.3,909.5,909.15,912.43,"77,569","7,07,76,584.65","7,973","37,030",47.74
MOTILALOFS,EQ,11-Oct-23,909.15,905.2,934,905.2,933,929.95,925.93,"1,53,097","14,17,56,425.10","11,237","67,818",44.3
MOTILALOFS,EQ,12-Oct-23,929.95,939.9,"1,025.60",934,"1,002.00","1,003.75",987.25,"12,56,558","1,24,05,37,710.90","54,592","3,26,610",25.99
MOTILALOFS,EQ,13-Oct-23,"1,003.75","1,000.00","1,012.00",978.55,982.1,983.95,996.92,"2,88,097","28,72,10,017.65","16,633","97,028",33.68
MOTILALOFS,EQ,16-Oct-23,983.95,983,999.2,973.2,985.3,986.05,987.77,"1,83,386","18,11,42,926.80","10,266","79,516",43.36
MOTILALOFS,EQ,17-Oct-23,986.05,991.2,"1,039.65",991.15,"1,012.85","1,019.35","1,021.69","3,85,399","39,37,57,308.85","22,098","1,39,796",36.27
MOTILALOFS,EQ,18-Oct-23,"1,019.35","1,017.80","1,025.00",992.05,992.05,"1,001.00","1,006.17","2,02,643","20,38,93,925.05","12,171","93,061",45.92
MOTILALOFS,EQ,19-Oct-23,"1,001.00",995,"1,010.00",988.35,996,"1,000.20","1,000.70","1,30,080","13,01,70,896.00","7,901","68,311",52.51
MOTILALOFS,EQ,20-Oct-23,"1,000.20",999,"1,013.30",977.3,980,980.95,991.73,"1,22,646","12,16,31,699.80","7,489","67,573",55.1
MOTILALOFS,EQ,23-Oct-23,980.95,977.15,990.95,917.05,919,921.65,944.44,"2,71,080","25,60,20,024.80","16,424","1,64,062",60.52
MOTILALOFS,EQ,25-Oct-23,921.65,967.7,967.7,902.05,952.2,949.85,931.68,"5,62,894","52,44,38,756.85","43,646","2,62,339",46.61
MOTILALOFS,EQ,26-Oct-23,949.85,949.85,949.85,905,922.9,926.8,922.16,"1,97,391","18,20,25,098.20","17,136","81,268",41.17
MOTILALOFS,EQ,27-Oct-23,926.8,927.55,975,927.55,969.4,969.85,963.38,"1,84,249","17,75,01,997.40","13,576","76,387",41.46
MOTILALOFS,EQ,30-Oct-23,969.85,971.5,"1,026.95",967,"1,007.25","1,014.95","1,001.26","3,50,637","35,10,77,344.75","20,713","1,28,854",36.75
MOTILALOFS,EQ,31-Oct-23,"1,014.95","1,010.00","1,066.90","1,003.05","1,041.50","1,038.05","1,041.89","8,20,832","85,52,17,982.15","48,425","2,62,417",31.97
MOTILALOFS,EQ,01-Nov-23,"1,038.05","1,049.00","1,094.00",990.2,"1,011.50","1,013.80","1,046.68","18,75,293","1,96,28,26,216.20","81,122","4,94,886",26.39
MOTILALOFS,EQ,02-Nov-23,"1,013.80","1,018.00","1,037.10",964,986.3,981.8,995.39,"6,77,429","67,43,04,711.70","36,795","2,35,126",34.71
MOTILALOFS,EQ,03-Nov-23,981.8,995,"1,024.20",982.05,"1,006.00","1,010.05","1,009.32","2,88,554","29,12,44,159.80","16,760","82,924",28.74
MOTILALOFS,EQ,06-Nov-23,"1,010.05","1,010.05","1,022.40",990.55,998,999.2,"1,005.86","2,43,538","24,49,64,758.05","14,910","1,44,670",59.4
MOTILALOFS,EQ,07-Nov-23,999.2,998.1,"1,045.45",998.1,"1,033.00","1,032.10","1,028.10","3,56,902","36,69,31,771.95","22,144","1,51,291",42.39
MOTILALOFS,EQ,08-Nov-23,"1,032.10","1,033.00","1,059.40","1,005.05","1,016.00","1,011.75","1,033.29","2,36,771","24,46,53,061.80","16,327","87,978",37.16
MOTILALOFS,EQ,09-Nov-23,"1,011.75","1,019.90","1,049.35","1,015.05","1,030.25","1,031.95","1,037.75","2,21,558","22,99,22,538.05","15,606","91,351",41.23
MOTILALOFS,EQ,10-Nov-23,"1,031.95","1,030.00","1,048.50","1,018.80","1,028.00","1,026.70","1,028.00","1,47,327","15,14,52,400.30","13,103","75,273",51.09
MOTILALOFS,EQ,12-Nov-23,"1,026.70","1,039.90","1,051.05","1,028.00","1,051.00","1,046.50","1,043.00","78,880","8,22,72,100.80","3,769","52,652",66.75
MOTILALOFS,EQ,13-Nov-23,"1,046.50","1,050.60","1,147.90","1,033.00","1,132.00","1,130.60","1,113.27","15,61,314","1,73,81,70,806.85","70,333","4,63,447",29.68
MOTILALOFS,EQ,15-Nov-23,"1,130.60","1,157.95","1,238.00","1,142.20","1,229.65","1,223.85","1,189.68","17,29,568","2,05,76,39,527.40","77,278","4,90,758",28.37
MOTILALOFS,EQ,16-Nov-23,"1,223.85","1,229.65","1,265.00","1,176.25","1,232.00","1,235.95","1,229.84","11,68,830","1,43,74,73,670.05","55,395","3,40,446",29.13
MOTILALOFS,EQ,17-Nov-23,"1,235.95","1,220.00","1,243.90","1,202.50","1,214.90","1,217.00","1,227.99","3,89,418","47,82,00,719.20","20,947","1,25,527",32.23
MOTILALOFS,EQ,20-Nov-23,"1,217.00","1,227.80","1,229.70","1,190.25","1,201.00","1,194.85","1,205.17","2,53,697","30,57,47,189.80","18,304","93,081",36.69
MOTILALOFS,EQ,21-Nov-23,"1,194.85","1,204.70","1,208.55","1,172.10","1,199.50","1,199.75","1,192.36","1,81,668","21,66,13,075.40","13,436","68,717",37.83
MOTILALOFS,EQ,22-Nov-23,"1,199.75","1,200.00","1,200.00","1,109.15","1,121.60","1,124.80","1,143.61","5,05,147","57,76,93,537.60","32,551","2,31,568",45.84
MOTILALOFS,EQ,23-Nov-23,"1,124.80","1,133.15","1,158.00","1,120.05","1,132.00","1,127.25","1,136.83","2,89,539","32,91,56,278.20","20,409","95,655",33.04
MOTILALOFS,EQ,24-Nov-23,"1,127.25","1,131.20","1,138.60","1,121.00","1,131.90","1,129.50","1,132.09","1,06,490","12,05,55,922.40","7,705","49,039",46.05
MOTILALOFS,EQ,28-Nov-23,"1,129.50","1,135.00","1,163.00","1,128.60","1,150.25","1,149.10","1,142.96","2,96,222","33,85,68,663.25","24,056","1,14,607",38.69
MOTILALOFS,EQ,29-Nov-23,"1,149.10","1,155.00","1,164.00","1,141.10","1,160.00","1,155.25","1,155.02","2,25,305","26,02,32,478.25","17,267","1,10,406",49
MOTILALOFS,EQ,30-Nov-23,"1,155.25","1,161.05","1,210.25","1,160.00","1,200.00","1,201.10","1,188.73","4,12,705","49,05,95,246.10","25,306","1,84,622",44.73
MOTILALOFS,EQ,01-Dec-23,"1,201.10","1,213.20","1,223.85","1,181.95","1,195.00","1,189.95","1,205.49","1,84,355","22,22,38,288.60","15,459","1,03,055",55.9
MOTILALOFS,EQ,04-Dec-23,"1,189.95","1,220.00","1,220.00","1,174.65","1,185.00","1,188.25","1,186.53","1,67,935","19,92,59,247.70","11,543","72,925",43.42
MOTILALOFS,EQ,05-Dec-23,"1,188.25","1,196.00","1,223.50","1,191.05","1,209.00","1,208.30","1,207.03","1,92,497","23,23,48,697.15","13,333","1,01,685",52.82
MOTILALOFS,EQ,06-Dec-23,"1,208.30","1,210.00","1,230.00","1,196.00","1,218.85","1,214.80","1,216.88","2,76,723","33,67,38,226.35","18,067","1,33,188",48.13
MOTILALOFS,EQ,07-Dec-23,"1,214.80","1,220.00","1,239.80","1,198.00","1,218.50","1,216.30","1,217.70","2,59,931","31,65,18,245.35","14,934","1,32,193",50.86
MOTILALOFS,EQ,08-Dec-23,"1,216.30","1,216.70","1,227.85","1,170.00","1,199.00","1,196.50","1,192.57","1,74,297","20,78,61,706.20","12,944","88,885",51
MOTILALOFS,EQ,11-Dec-23,"1,196.50","1,200.00","1,211.95","1,179.05","1,199.70","1,196.05","1,190.49","1,68,907","20,10,82,405.25","9,835","90,839",53.78
MOTILALOFS,EQ,12-Dec-23,"1,196.05","1,203.00","1,234.50","1,196.05","1,218.50","1,217.15","1,218.07","2,70,903","32,99,78,447.75","17,375","1,27,149",46.94
MOTILALOFS,EQ,13-Dec-23,"1,217.15","1,230.00","1,286.15","1,204.05","1,220.00","1,224.75","1,244.43","6,64,658","82,71,18,467.60","32,376","1,51,234",22.75
MOTILALOFS,EQ,14-Dec-23,"1,224.75","1,232.00","1,281.00","1,225.05","1,262.00","1,271.45","1,265.65","4,67,146","59,12,41,112.90","29,271","2,30,464",49.33
MOTILALOFS,EQ,15-Dec-23,"1,271.45","1,270.00","1,272.20","1,205.05","1,207.95","1,212.85","1,229.50","3,26,145","40,09,96,101.00","21,607","1,74,376",53.47
MOTILALOFS,EQ,18-Dec-23,"1,212.85","1,212.90","1,250.80","1,199.10","1,234.00","1,240.60","1,231.88","2,73,225","33,65,81,112.85","17,841","1,15,912",42.42
MOTILALOFS,EQ,19-Dec-23,"1,240.60","1,235.05","1,291.05","1,230.70","1,287.00","1,282.50","1,276.60","5,14,567","65,68,96,335.60","29,793","2,59,157",50.36
MOTILALOFS,EQ,20-Dec-23,"1,282.50","1,290.00","1,298.50","1,222.25","1,227.90","1,232.05","1,262.66","4,09,233","51,67,23,888.65","32,550","2,05,467",50.21
MOTILALOFS,EQ,21-Dec-23,"1,232.05","1,215.00","1,273.95","1,207.55","1,268.00","1,268.65","1,241.98","2,18,544","27,14,27,313.35","17,855","82,599",37.8
MOTILALOFS,EQ,22-Dec-23,"1,268.65","1,280.00","1,284.20","1,261.00","1,264.00","1,266.45","1,271.42","1,24,633","15,84,61,389.50","16,500","60,506",48.55
MOTILALOFS,EQ,26-Dec-23,"1,266.45","1,277.00","1,278.80","1,235.00","1,254.95","1,254.85","1,261.03","2,95,493","37,26,24,673.15","22,458","1,61,669",54.71
MOTILALOFS,EQ,27-Dec-23,"1,254.85","1,260.25","1,269.55","1,190.55","1,214.00","1,210.85","1,222.69","3,15,322","38,55,39,904.20","17,902","1,85,214",58.74
MOTILALOFS,EQ,28-Dec-23,"1,210.85","1,225.00","1,229.00","1,212.00","1,218.45","1,216.30","1,217.35","2,10,827","25,66,50,864.90","15,036","1,11,116",52.7
MOTILALOFS,EQ,29-Dec-23,"1,216.30","1,217.30","1,243.20","1,217.30","1,241.00","1,240.85","1,235.42","2,63,399","32,54,08,632.80","16,713","1,45,135",55.1
MOTILALOFS,EQ,01-Jan-24,"1,240.85","1,240.85","1,262.50","1,226.00","1,261.00","1,260.05","1,246.69","1,69,397","21,11,85,147.65","9,722","90,094",53.19
MOTILALOFS,EQ,02-Jan-24,"1,260.05","1,260.10","1,266.35","1,226.00","1,241.90","1,239.80","1,241.08","1,60,712","19,94,57,215.90","10,092","74,763",46.52
MOTILALOFS,EQ,03-Jan-24,"1,239.80","1,240.00","1,253.00","1,233.40","1,239.15","1,242.35","1,243.85","1,14,018","14,18,20,898.25","9,745","60,512",53.07
MOTILALOFS,EQ,04-Jan-24,"1,242.35","1,252.00","1,327.85","1,251.00","1,291.00","1,287.65","1,299.20","8,66,683","1,12,59,92,893.05","36,795","2,77,017",31.96
MOTILALOFS,EQ,05-Jan-24,"1,287.65","1,305.00","1,325.00","1,282.60","1,300.00","1,301.95","1,301.92","2,42,986","31,63,48,889.90","16,293","1,37,692",56.67
MOTILALOFS,EQ,08-Jan-24,"1,301.95","1,301.95","1,350.00","1,300.40","1,329.95","1,328.85","1,331.49","3,66,031","48,73,67,922.25","25,035","1,61,560",44.14
MOTILALOFS,EQ,09-Jan-24,"1,328.85","1,342.60","1,400.00","1,342.60","1,380.00","1,378.95","1,375.69","6,17,642","84,96,85,351.80","34,003","2,50,293",40.52
MOTILALOFS,EQ,10-Jan-24,"1,378.95","1,390.00","1,419.00","1,356.30","1,403.00","1,406.35","1,389.81","3,71,669","51,65,50,946.05","26,001","1,77,046",47.64
MOTILALOFS,EQ,11-Jan-24,"1,406.35","1,406.40","1,547.00","1,406.40","1,524.80","1,524.60","1,498.81","14,12,059","2,11,64,09,993.45","64,179","5,02,754",35.6
MOTILALOFS,EQ,12-Jan-24,"1,524.60","1,527.00","1,589.00","1,509.00","1,547.00","1,557.20","1,561.17","9,37,770","1,46,40,19,704.50","49,098","3,55,201",37.88
MOTILALOFS,EQ,15-Jan-24,"1,557.20","1,557.00","1,602.00","1,526.45","1,535.00","1,541.65","1,568.55","3,32,681","52,18,26,947.25","20,335","1,24,081",37.3
MOTILALOFS,EQ,16-Jan-24,"1,541.65","1,540.00","1,547.00","1,450.00","1,490.70","1,485.15","1,493.81","5,02,044","74,99,57,156.55","36,029","1,98,924",39.62
MOTILALOFS,EQ,17-Jan-24,"1,485.15","1,472.35","1,527.00","1,455.20","1,492.55","1,505.40","1,506.45","2,78,356","41,93,28,999.25","19,591","1,06,274",38.18
MOTILALOFS,EQ,18-Jan-24,"1,505.40","1,495.00","1,547.90","1,381.35","1,519.00","1,523.55","1,493.62","4,45,173","66,49,19,856.45","34,678","1,60,303",36.01
MOTILALOFS,EQ,19-Jan-24,"1,523.55","1,530.55","1,625.00","1,527.50","1,595.00","1,590.25","1,588.63","6,42,749","1,02,10,89,641.00","34,647","2,50,344",38.95
MOTILALOFS,EQ,20-Jan-24,"1,590.25","1,603.00","1,625.00","1,561.00","1,573.55","1,572.50","1,590.47","1,45,934","23,21,02,964.65","11,871","43,254",29.64
MOTILALOFS,EQ,23-Jan-24,"1,572.50","1,602.55","1,622.90","1,523.65","1,550.00","1,550.50","1,565.74","2,93,175","45,90,37,164.95","30,465","98,508",33.6
MOTILALOFS,EQ,24-Jan-24,"1,550.50","1,544.00","1,860.60","1,522.20","1,726.00","1,712.35","1,715.65","19,01,553","3,26,24,01,442.90","87,342","4,40,521",23.17
MOTILALOFS,EQ,25-Jan-24,"1,712.35","1,750.00","1,784.70","1,713.25","1,720.00","1,732.05","1,743.33","10,81,048","1,88,46,20,580.15","74,607","3,31,376",30.65
MOTILALOFS,EQ,29-Jan-24,"1,732.05","1,745.00","1,778.00","1,693.00","1,751.05","1,756.70","1,746.49","3,51,016","61,30,47,256.95","33,485","2,09,645",59.73
MOTILALOFS,EQ,30-Jan-24,"1,756.70","1,760.05","1,785.95","1,736.10","1,750.00","1,744.75","1,760.01","2,71,676","47,81,52,447.15","29,623","1,75,193",64.49
MOTILALOFS,EQ,31-Jan-24,"1,744.75","1,760.00","1,794.00","1,734.65","1,788.95","1,788.40","1,769.30","2,78,018","49,18,97,369.50","24,069","1,92,344",69.18
MOTILALOFS,EQ,01-Feb-24,"1,788.40","1,827.95","1,839.70","1,774.30","1,806.00","1,808.50","1,810.32","2,55,458","46,24,61,660.05","27,255","1,52,338",59.63
MOTILALOFS,EQ,02-Feb-24,"1,808.50","1,814.70","1,834.00","1,761.00","1,764.00","1,769.85","1,800.51","1,46,282","26,33,82,926.05","19,752","82,944",56.7
MOTILALOFS,EQ,05-Feb-24,"1,769.85","1,778.00","1,800.00","1,740.00","1,749.90","1,753.40","1,771.69","1,28,719","22,80,49,998.75","16,042","70,277",54.6
MOTILALOFS,EQ,06-Feb-24,"1,753.40","1,749.95","1,800.00","1,734.00","1,769.00","1,770.65","1,767.92","1,59,599","28,21,58,298.30","29,849","94,280",59.07
MOTILALOFS,EQ,07-Feb-24,"1,770.65","1,770.60","1,831.50","1,762.45","1,790.85","1,788.00","1,785.66","1,92,185","34,31,77,440.75","16,040","1,28,713",66.97
MOTILALOFS,EQ,08-Feb-24,"1,788.00","1,797.70","1,938.25","1,796.25","1,900.05","1,904.40","1,887.15","4,19,927","79,24,64,900.80","34,299","1,71,494",40.84
MOTILALOFS,EQ,09-Feb-24,"1,904.40","1,916.00","1,928.80","1,800.00","1,876.00","1,866.05","1,857.54","2,07,369","38,51,95,779.70","25,220","1,10,109",53.1
MOTILALOFS,EQ,12-Feb-24,"1,866.05","1,865.00","1,907.95","1,783.35","1,839.95","1,815.75","1,825.99","1,32,164","24,13,30,659.75","16,582","69,414",52.52
MOTILALOFS,EQ,13-Feb-24,"1,815.75","1,832.00","1,832.00","1,705.25","1,780.90","1,770.45","1,762.77","1,55,960","27,49,21,800.00","18,042","80,286",51.48
MOTILALOFS,EQ,14-Feb-24,"1,770.45","1,770.00","1,827.75","1,751.05","1,799.85","1,801.25","1,795.04","1,31,080","23,52,94,073.00","16,240","63,189",48.21
MOTILALOFS,EQ,15-Feb-24,"1,801.25","1,815.00","1,859.95","1,802.00","1,812.00","1,809.20","1,818.99","92,132","16,75,87,630.50","13,759","55,296",60.02
MOTILALOFS,EQ,16-Feb-24,"1,809.20","1,825.60","1,875.05","1,823.00","1,831.00","1,838.55","1,856.11","89,813","16,67,02,556.05","18,067","55,735",62.06
MOTILALOFS,EQ,19-Feb-24,"1,838.55","1,830.05","1,830.05","1,750.10","1,762.20","1,755.45","1,772.23","2,08,287","36,91,32,824.85","18,207","1,39,547",67
MOTILALOFS,EQ,20-Feb-24,"1,755.45","1,762.00","1,774.50","1,731.05","1,751.15","1,757.30","1,758.72","79,877","14,04,80,920.65","10,147","41,329",51.74
MOTILALOFS,EQ,21-Feb-24,"1,757.30","1,764.90","1,772.95","1,666.30","1,670.00","1,680.45","1,704.86","1,68,925","28,79,93,657.45","15,412","1,06,459",63.02
MOTILALOFS,EQ,22-Feb-24,"1,680.45","1,685.45","1,689.50","1,640.40","1,668.95","1,658.35","1,658.80","1,12,969","18,73,92,441.50","13,531","61,192",54.17
MOTILALOFS,EQ,23-Feb-24,"1,658.35","1,673.35","1,689.95","1,651.10","1,670.00","1,671.50","1,675.19","75,983","12,72,85,670.80","9,800","42,859",56.41
MOTILALOFS,EQ,26-Feb-24,"1,671.50","1,671.50","1,707.00","1,647.00","1,651.00","1,655.15","1,675.44","1,08,708","18,21,33,586.00","13,778","61,594",56.66
MOTILALOFS,EQ,27-Feb-24,"1,655.15","1,655.15","1,759.00","1,652.50","1,745.00","1,737.35","1,724.96","1,96,420","33,88,16,816.60","21,577","1,02,126",51.99
MOTILALOFS,EQ,28-Feb-24,"1,737.35","1,758.35","1,765.85","1,612.00","1,629.20","1,624.65","1,657.17","2,24,423","37,19,07,557.80","26,196","1,36,329",60.75
MOTILALOFS,EQ,29-Feb-24,"1,624.65","1,628.05","1,648.85","1,581.75","1,615.00","1,615.05","1,608.03","2,47,259","39,75,98,658.45","19,703","1,47,893",59.81
MOTILALOFS,EQ,01-Mar-24,"1,615.05","1,629.85","1,667.00","1,629.85","1,656.00","1,655.30","1,648.05","89,977","14,82,86,651.55","13,252","55,370",61.54
MOTILALOFS,EQ,02-Mar-24,"1,655.30","1,664.00","1,690.00","1,664.00","1,670.05","1,672.55","1,670.80","13,121","2,19,22,569.65",969,"10,505",80.06
MOTILALOFS,EQ,04-Mar-24,"1,672.55","1,673.65","1,735.00","1,641.55","1,710.00","1,718.75","1,693.92","1,14,791","19,44,46,693.25","13,232","66,114",57.6
MOTILALOFS,EQ,05-Mar-24,"1,718.75","1,735.00","1,741.95","1,690.30","1,705.25","1,703.95","1,706.36","73,921","12,61,35,653.05","11,126","45,808",61.97
MOTILALOFS,EQ,06-Mar-24,"1,703.95","1,699.00","1,699.00","1,606.00","1,631.00","1,629.25","1,650.00","2,26,732","37,41,06,862.95","32,741","1,43,038",63.09
MOTILALOFS,EQ,07-Mar-24,"1,629.25","1,631.25","1,645.95","1,560.00","1,580.00","1,580.00","1,587.73","2,47,685","39,32,56,955.70","22,776","1,48,295",59.87
MOTILALOFS,EQ,11-Mar-24,"1,580.00","1,596.10","1,603.50","1,514.95","1,522.00","1,521.15","1,536.44","1,59,007","24,43,05,032.30","15,296","89,507",56.29
MOTILALOFS,EQ,12-Mar-24,"1,521.15","1,531.00","1,552.75","1,500.05","1,533.00","1,521.00","1,524.06","1,64,594","25,08,51,369.40","18,874","96,888",58.86
MOTILALOFS,EQ,13-Mar-24,"1,521.00","1,521.55","1,543.95","1,387.10","1,400.00","1,400.90","1,446.47","2,32,318","33,60,41,389.85","30,350","1,40,406",60.44
MOTILALOFS,EQ,14-Mar-24,"1,400.90","1,392.50","1,509.00","1,381.45","1,473.00","1,484.70","1,470.92","1,69,615","24,94,90,014.65","21,040","86,886",51.23
MOTILALOFS,EQ,15-Mar-24,"1,484.70","1,477.85","1,495.00","1,421.00","1,485.00","1,480.50","1,465.74","1,88,330","27,60,43,683.15","19,057","1,18,089",62.7
MOTILALOFS,EQ,18-Mar-24,"1,480.50","1,480.50","1,499.00","1,425.00","1,462.00","1,459.75","1,455.18","1,24,795","18,15,98,807.40","19,746","72,086",57.76
MOTILALOFS,EQ,19-Mar-24,"1,459.75","1,463.00","1,510.00","1,459.30","1,499.70","1,497.80","1,488.14","1,23,990","18,45,14,901.25","11,540","76,990",62.09
MOTILALOFS,EQ,20-Mar-24,"1,497.80","1,497.05","1,615.20","1,456.50","1,575.00","1,581.00","1,530.16","2,83,678","43,40,71,440.90","23,179","1,83,165",64.57
MOTILALOFS,EQ,21-Mar-24,"1,581.00","1,598.00","1,654.90","1,572.00","1,615.00","1,605.80","1,615.56","1,87,269","30,25,44,210.20","20,187","90,584",48.37
MOTILALOFS,EQ,22-Mar-24,"1,605.80","1,613.60","1,682.90","1,613.50","1,675.00","1,672.20","1,658.95","1,23,537","20,49,42,123.15","12,563","76,976",62.31
MOTILALOFS,EQ,26-Mar-24,"1,672.20","1,659.20","1,694.45","1,656.00","1,666.00","1,666.75","1,670.29","1,10,488","18,45,47,377.70","13,085","68,715",62.19
MOTILALOFS,EQ,27-Mar-24,"1,666.75","1,685.35","1,694.00","1,652.45","1,680.00","1,681.55","1,675.68","1,19,287","19,98,87,418.80","15,159","71,888",60.26
MOTILALOFS,EQ,28-Mar-24,"1,681.55","1,686.00","1,701.15","1,656.00","1,670.75","1,666.75","1,674.53","1,41,812","23,74,69,017.05","12,372","1,00,940",71.18
MOTILALOFS,EQ,01-Apr-24,"1,666.75","1,681.10","1,774.00","1,681.10","1,757.00","1,752.70","1,747.28","1,55,280","27,13,17,519.60","18,127","80,118",51.6
MOTILALOFS,EQ,02-Apr-24,"1,752.70","1,762.00","1,805.00","1,725.00","1,788.50","1,789.15","1,782.87","1,92,192","34,26,53,335.90","16,851","1,27,634",66.41
MOTILALOFS,EQ,03-Apr-24,"1,789.15","1,788.00","1,830.00","1,769.15","1,830.00","1,825.20","1,819.42","88,315","16,06,81,948.45","10,696","52,062",58.95
MOTILALOFS,EQ,04-Apr-24,"1,825.20","1,844.40","1,850.00","1,792.80","1,831.00","1,833.20","1,826.86","98,079","17,91,76,411.05","11,066","57,152",58.27
MOTILALOFS,EQ,05-Apr-24,"1,833.20","1,834.00","1,853.00","1,784.05","1,830.20","1,831.90","1,832.11","70,566","12,92,84,968.85","8,471","44,362",62.87
MOTILALOFS,EQ,08-Apr-24,"1,831.90","1,847.65","1,911.00","1,839.00","1,900.00","1,888.75","1,874.10","1,27,851","23,96,05,679.20","13,518","81,076",63.41
MOTILALOFS,EQ,09-Apr-24,"1,888.75","1,895.00","2,122.50","1,882.00","2,100.00","2,097.35","2,033.15","8,62,285","1,75,31,55,050.00","61,220","3,21,321",37.26
MOTILALOFS,EQ,10-Apr-24,"2,097.35","2,090.00","2,090.00","1,996.05","2,046.00","2,054.10","2,044.55","4,27,920","87,49,03,513.45","29,786","2,19,740",51.35
MOTILALOFS,EQ,12-Apr-24,"2,054.10","2,038.00","2,076.00","2,010.10","2,070.20","2,057.50","2,050.69","2,27,740","46,70,23,984.05","20,908","1,23,170",54.08
MOTILALOFS,EQ,15-Apr-24,"2,057.50","2,057.45","2,057.45","1,955.90","1,996.90","1,989.60","2,001.31","2,54,061","50,84,55,611.70","17,046","1,31,266",51.67
MOTILALOFS,EQ,16-Apr-24,"1,989.60","1,980.00","2,047.75","1,959.05","2,046.00","2,026.55","2,017.05","3,28,671","66,29,45,614.25","16,731","2,33,360",71
MOTILALOFS,EQ,18-Apr-24,"2,026.55","2,055.00","2,115.95","2,041.00","2,070.15","2,085.65","2,080.44","3,85,716","80,24,58,845.50","26,253","2,57,187",66.68
MOTILALOFS,EQ,19-Apr-24,"2,085.65","2,045.00","2,269.50","2,025.35","2,235.00","2,232.00","2,188.60","9,17,222","2,00,74,36,462.55","61,684","3,07,146",33.49
MOTILALOFS,EQ,22-Apr-24,"2,232.00","2,295.00","2,358.90","2,275.80","2,344.00","2,328.10","2,318.71","6,00,502","1,39,23,88,972.50","49,615","2,54,744",42.42
MOTILALOFS,EQ,23-Apr-24,"2,328.10","2,344.40","2,360.00","2,292.65","2,320.00","2,311.05","2,318.44","2,46,575","57,16,69,805.65","24,129","1,17,661",47.72
MOTILALOFS,EQ,24-Apr-24,"2,311.05","2,340.00","2,393.60","2,269.00","2,375.00","2,353.00","2,318.53","3,02,913","70,23,14,088.55","20,953","1,60,182",52.88
MOTILALOFS,EQ,25-Apr-24,"2,353.00","2,363.00","2,485.00","2,346.95","2,468.00","2,463.75","2,422.56","4,24,554","1,02,85,07,527.20","34,577","2,13,582",50.31
MOTILALOFS,EQ,26-Apr-24,"2,463.75","2,500.00","2,678.10","2,442.00","2,557.00","2,597.30","2,571.49","14,60,524","3,75,57,20,431.10","98,645","4,57,003",31.29
MOTILALOFS,EQ,29-Apr-24,"2,597.30","2,629.00","2,634.80","2,482.05","2,489.00","2,494.40","2,533.01","4,73,874","1,20,03,26,049.85","39,375","2,47,995",52.33
MOTILALOFS,EQ,30-Apr-24,"2,494.40","2,496.05","2,509.15","2,365.35","2,375.00","2,376.90","2,414.52","4,16,332","1,00,52,41,973.55","39,105","2,40,144",57.68
MOTILALOFS,EQ,02-May-24,"2,376.90","2,393.55","2,488.00","2,385.05","2,443.90","2,442.55","2,429.26","3,34,969","81,37,26,438.20","45,099","1,68,723",50.37
MOTILALOFS,EQ,03-May-24,"2,442.55","2,448.45","2,463.60","2,390.00","2,430.00","2,426.65","2,418.51","2,31,415","55,96,78,930.65","21,646","1,25,250",54.12
MOTILALOFS,EQ,06-May-24,"2,426.65","2,445.00","2,456.95","2,380.15","2,400.00","2,399.05","2,404.90","2,18,601","52,57,13,144.30","25,763","1,36,271",62.34
MOTILALOFS,EQ,07-May-24,"2,399.05","2,395.00","2,460.00","2,370.00","2,374.00","2,381.05","2,409.08","2,54,752","61,37,17,528.75","26,383","1,36,725",53.67
MOTILALOFS,EQ,08-May-24,"2,381.05","2,380.00","2,399.50","2,340.00","2,341.00","2,346.00","2,362.56","1,39,311","32,91,30,847.75","17,577","86,448",62.05
MOTILALOFS,EQ,09-May-24,"2,346.00","2,350.00","2,360.00","2,132.10","2,150.00","2,151.15","2,224.25","5,79,390","1,28,87,10,468.90","37,567","3,74,943",64.71
MOTILALOFS,EQ,10-May-24,"2,151.15","2,175.00","2,209.60","2,086.00","2,145.00","2,147.40","2,134.86","5,00,074","1,06,75,86,947.75","45,589","2,77,974",55.59
MOTILALOFS,EQ,13-May-24,"2,147.40","2,192.60","2,291.00","2,166.65","2,270.00","2,268.45","2,230.16","3,90,208","87,02,26,823.70","44,590","2,06,965",53.04
MOTILALOFS,EQ,14-May-24,"2,268.45","2,292.00","2,310.00","2,245.00","2,271.00","2,268.55","2,272.36","1,84,082","41,83,00,724.15","19,173","1,11,285",60.45
MOTILALOFS,EQ,15-May-24,"2,268.55","2,280.45","2,297.00","2,245.00","2,296.00","2,285.30","2,270.96","1,97,135","44,76,85,519.35","25,935","1,22,053",61.91
MOTILALOFS,EQ,16-May-24,"2,285.30","2,337.50","2,359.95","2,292.05","2,335.00","2,338.95","2,322.93","2,05,728","47,78,91,014.95","20,950","1,13,517",55.18
MOTILALOFS,EQ,17-May-24,"2,338.95","2,348.50","2,373.05","2,297.00","2,358.15","2,359.95","2,339.20","1,84,294","43,11,00,410.90","17,340","1,07,636",58.4
MOTILALOFS,EQ,18-May-24,"2,359.95","2,372.95","2,424.00","2,350.10","2,397.95","2,406.15","2,389.12","45,426","10,85,28,016.20","3,733","32,179",70.84
MOTILALOFS,EQ,21-May-24,"2,406.15","2,414.30","2,420.30","2,255.00","2,298.00","2,290.55","2,314.87","3,13,358","72,53,81,774.05","38,342","1,75,999",56.17
MOTILALOFS,EQ,22-May-24,"2,290.55","2,298.20","2,317.50","2,225.00","2,233.60","2,231.85","2,259.80","1,57,113","35,50,44,675.30","18,647","1,00,813",64.17
MOTILALOFS,EQ,23-May-24,"2,231.85","2,243.80","2,280.00","2,224.00","2,264.90","2,270.50","2,248.41","1,20,746","27,14,86,449.45","11,854","57,392",47.53
MOTILALOFS,EQ,24-May-24,"2,270.50","2,267.75","2,285.95","2,230.10","2,250.00","2,249.60","2,255.32","1,30,846","29,50,99,336.75","17,371","79,662",60.88
MOTILALOFS,EQ,27-May-24,"2,249.60","2,249.60","2,305.00","2,239.60","2,262.00","2,265.15","2,271.59","1,54,253","35,03,99,493.95","15,026","1,01,326",65.69
MOTILALOFS,EQ,28-May-24,"2,265.15","2,270.00","2,280.00","2,222.05","2,242.00","2,244.30","2,244.38","1,15,901","26,01,26,277.70","12,747","76,298",65.83
MOTILALOFS,EQ,29-May-24,"2,244.30","2,243.20","2,288.95","2,220.30","2,280.00","2,277.70","2,267.72","1,71,734","38,94,44,133.25","20,393","1,03,815",60.45
MOTILALOFS,EQ,30-May-24,"2,277.70","2,289.95","2,319.90","2,260.00","2,263.00","2,271.05","2,291.49","1,16,308","26,65,18,544.15","16,008","69,675",59.91
MOTILALOFS,EQ,31-May-24,"2,271.05","2,275.00","2,300.00","2,203.20","2,222.00","2,219.70","2,243.30","1,62,126","36,36,97,353.80","19,517","1,02,620",63.3
MOTILALOFS,EQ,03-Jun-24,"2,219.70","2,338.00","2,411.50","2,286.85","2,370.00","2,374.00","2,370.14","4,45,022","1,05,47,62,598.50","53,602","2,77,774",62.42
MOTILALOFS,EQ,04-Jun-24,"2,374.00","2,393.95","2,393.95","1,899.20","2,125.50","2,076.70","2,151.12","5,45,867","1,17,42,26,447.50","54,231","2,76,952",50.74
MOTILALOFS,EQ,05-Jun-24,"2,076.70","2,148.00","2,254.00","2,103.25","2,245.00","2,243.05","2,179.29","3,02,570","65,93,86,895.75","32,101","1,88,029",62.14
MOTILALOFS,EQ,06-Jun-24,"2,243.05","2,270.65","2,355.00","2,256.20","2,294.00","2,294.25","2,315.11","2,16,571","50,13,84,758.10","21,792","1,20,489",55.63
MOTILALOFS,EQ,07-Jun-24,"2,294.25","2,306.05","2,450.00","2,300.55","2,424.95","2,426.70","2,402.87","6,52,311","1,56,74,15,843.85","48,452","4,50,393",69.05
MOTILALOFS,EQ,10-Jun-24,"2,426.70",655.05,722,639,669,656.1,668.17,"36,19,819","2,41,86,60,283.65","1,05,111","14,32,734",39.58
MOTILALOFS,EQ,11-Jun-24,656.1,674,677.7,646.3,663.05,664.75,661.35,"10,70,436","70,79,36,341.95","47,986","3,84,697",35.94
MOTILALOFS,EQ,12-Jun-24,664.75,665.15,676.95,661,663.3,670.35,669.59,"5,76,760","38,61,92,717.90","26,970","3,18,252",55.18
MOTILALOFS,EQ,13-Jun-24,670.35,676.95,676.95,653.05,659,657.55,663.44,"3,46,073","22,95,97,564.45","18,192","2,16,117",62.45
MOTILALOFS,EQ,14-Jun-24,657.55,657.9,662.65,651.75,659,658.25,657.32,"2,62,413","17,24,90,468.85","12,575","1,32,923",50.65
MOTILALOFS,EQ,18-Jun-24,658.25,663,675.65,654.05,660.8,662.25,666.28,"5,40,268","35,99,69,211.85","26,201","2,61,967",48.49
MOTILALOFS,EQ,19-Jun-24,662.25,667.5,698,662.25,689.05,686.05,688.47,"13,55,972","93,35,44,491.45","46,622","6,35,042",46.83
MOTILALOFS,EQ,20-Jun-24,686.05,693,698.95,680,695,689.95,692.06,"4,92,420","34,07,84,961.15","27,783","3,15,831",64.14
MOTILALOFS,EQ,21-Jun-24,689.95,667.95,679.95,655,672.95,676.3,668.4,"11,60,366","77,55,83,765.80","49,817","6,53,185",56.29
MOTILALOFS,EQ,24-Jun-24,676.3,650,657.55,636.95,646.95,647.8,648.04,"9,92,843","64,34,00,384.30","44,322","5,29,155",53.3
MOTILALOFS,EQ,25-Jun-24,647.8,648,654,629,636,632.8,636.61,"10,60,536","67,51,50,969.70","47,365","7,12,117",67.15
MOTILALOFS,EQ,26-Jun-24,632.8,628,639,616.05,622,620.35,622.23,"7,01,593","43,65,51,311.15","46,218","4,34,046",61.87
MOTILALOFS,EQ,27-Jun-24,620.35,625,646,618.3,632,629.05,631.05,"8,83,631","55,76,16,104.35","42,196","5,13,166",58.07
MOTILALOFS,EQ,28-Jun-24,629.05,634.5,636.6,607.05,614.5,614.55,615.72,"8,64,524","53,23,00,626.35","42,500","5,70,336",65.97
MOTILALOFS,EQ,01-Jul-24,614.55,614.55,614.55,580,593,591.5,592.71,"18,13,657","1,07,49,67,195.35","82,698","10,51,320",57.97
MOTILALOFS,EQ,02-Jul-24,591.5,585,587,564,568.1,566.55,572.94,"17,51,718","1,00,36,36,211.60","83,678","11,40,530",65.11
MOTILALOFS,EQ,03-Jul-24,566.55,570,589.2,560,562.95,562.25,571.92,"12,29,660","70,32,63,058.25","48,391","7,09,340",57.69
MOTILALOFS,EQ,04-Jul-24,562.25,565,569.95,560.9,563.3,563.2,564.19,"6,75,539","38,11,31,187.25","37,331","4,31,906",63.94
MOTILALOFS,EQ,05-Jul-24,563.2,564.95,568.45,550,553.3,551.7,553.59,"8,71,956","48,27,05,830.95","49,502","5,65,006",64.8
MOTILALOFS,EQ,08-Jul-24,551.7,556.95,561,544.25,550.55,548.85,551.25,"6,25,049","34,45,58,009.65","44,365","4,15,671",66.5
MOTILALOFS,EQ,09-Jul-24,548.85,550.5,558,540,540.95,543,550.62,"6,08,964","33,53,05,517.95","38,090","4,08,324",67.05
MOTILALOFS,EQ,10-Jul-24,543,545,547.8,531,535,534.6,538.56,"5,39,491","29,05,49,191.25","39,734","3,40,160",63.05
MOTILALOFS,EQ,11-Jul-24,534.6,534.6,539.3,532,533.9,532.95,534.46,"3,45,907","18,48,73,593.40","18,548","2,10,423",60.83
MOTILALOFS,EQ,12-Jul-24,532.95,535.25,542.4,531,533.05,532.5,536.22,"5,10,656","27,38,24,825.45","28,186","3,25,773",63.8
MOTILALOFS,EQ,15-Jul-24,532.5,532.5,535.5,517,534.4,530.3,522.51,"8,34,987","43,62,91,881.05","48,004","5,14,223",61.58
MOTILALOFS,EQ,16-Jul-24,530.3,540,564.7,540,552.25,550.85,553.66,"13,67,232","75,69,76,360.35","63,185","6,31,397",46.18
MOTILALOFS,EQ,18-Jul-24,550.85,559,560.7,538,543,542.85,543.27,"11,04,870","60,02,45,130.65","30,035","2,90,984",26.34
MOTILALOFS,EQ,19-Jul-24,542.85,542.85,545.45,528.25,530.85,532.2,534.64,"3,55,097","18,98,47,765.50","24,669","1,90,329",53.6
MOTILALOFS,EQ,22-Jul-24,532.2,534.25,538.25,522.6,533,533.95,531.53,"3,21,780","17,10,34,998.50","17,225","1,84,125",57.22
MOTILALOFS,EQ,23-Jul-24,533.95,534.95,549,507.55,546.5,544.75,533.18,"8,79,312","46,88,28,584.45","36,466","4,16,459",47.36
MOTILALOFS,EQ,24-Jul-24,544.75,550.5,572.4,548,571.5,568.05,561.33,"7,63,880","42,87,90,668.55","30,577","5,17,916",67.8
MOTILALOFS,EQ,25-Jul-24,568.05,566,583.8,555,579.85,577.3,574.79,"10,51,064","60,41,44,523.25","33,052","5,34,007",50.81
MOTILALOFS,EQ,26-Jul-24,577.3,595,608.45,579.25,590,590.75,591.91,"22,51,971","1,33,29,54,690.95","53,912","9,93,552",44.12
MOTILALOFS,EQ,29-Jul-24,590.75,600,611.5,590.9,610.35,606.7,601.4,"14,39,978","86,60,07,179.00","41,627","9,61,716",66.79
MOTILALOFS,EQ,30-Jul-24,606.7,611.4,645.95,606.75,638.8,638.65,630.34,"16,89,934","1,06,52,34,159.55","62,778","10,77,197",63.74
MOTILALOFS,EQ,31-Jul-24,638.65,639.15,667,636.45,654.5,658.45,653.5,"18,47,129","1,20,70,95,912.95","51,556","10,80,073",58.47
MOTILALOFS,EQ,01-Aug-24,658.45,660,678,645.45,657.8,653.4,661.49,"15,06,753","99,66,98,700.95","73,725","8,26,777",54.87
MOTILALOFS,EQ,02-Aug-24,653.4,640.1,667.85,636.4,660,657.35,653.25,"9,00,979","58,85,61,260.10","42,239","4,88,194",54.18
MOTILALOFS,EQ,05-Aug-24,657.35,624.05,650,598,612,614.65,621.39,"17,10,334","1,06,27,78,300.30","76,428","8,47,946",49.58
MOTILALOFS,EQ,06-Aug-24,614.65,620,637,586.85,594,590.8,609.14,"8,56,433","52,16,90,233.15","39,468","4,27,234",49.89
MOTILALOFS,EQ,07-Aug-24,590.8,606,616.95,594.65,610,609.95,606.74,"11,16,056","67,71,59,278.25","39,179","7,94,551",71.19
MOTILALOFS,EQ,08-Aug-24,609.95,610,612.55,592.95,595.75,595.7,597.62,"5,25,020","31,37,60,809.00","43,378","2,99,299",57.01
MOTILALOFS,EQ,09-Aug-24,595.7,605,611.75,600.4,604.5,607.3,606.59,"5,78,712","35,10,42,976.10","36,877","3,78,200",65.35
MOTILALOFS,EQ,12-Aug-24,607.3,603.45,609.85,596.9,600.2,601.1,605.31,"4,56,733","27,64,63,574.75","34,845","2,87,119",62.86
MOTILALOFS,EQ,13-Aug-24,601.1,601.1,605,578,586,585,595.66,"4,10,376","24,44,44,029.00","28,443","2,49,374",60.77
MOTILALOFS,EQ,14-Aug-24,585,590.1,608,590.1,604,602.55,602.56,"7,75,784","46,74,54,335.75","28,660","4,95,473",63.87
MOTILALOFS,EQ,16-Aug-24,602.55,607.4,628.7,603,623,623.15,620.49,"14,76,847","91,63,74,193.35","56,549","8,88,883",60.19
MOTILALOFS,EQ,19-Aug-24,623.15,630,637,627.15,633.6,632.35,633.49,"5,96,056","37,75,95,541.05","59,043","3,70,261",62.12
MOTILALOFS,EQ,20-Aug-24,632.35,639,683.85,633,676.9,677.45,661.48,"30,49,086","2,01,69,08,853.30","92,690","18,00,825",59.06
MOTILALOFS,EQ,21-Aug-24,677.45,677,716.5,665.1,694,694.85,700.38,"26,43,719","1,85,16,01,491.60","78,301","12,52,433",47.37
MOTILALOFS,EQ,22-Aug-24,694.85,697,705.75,686.05,703.85,702.5,699.51,"10,21,419","71,44,89,319.85","43,404","6,76,760",66.26
MOTILALOFS,EQ,23-Aug-24,702.5,703.85,704.6,689.1,697.3,696.45,695.61,"7,18,654","49,99,01,808.05","26,341","4,56,758",63.56
MOTILALOFS,EQ,26-Aug-24,696.45,702,775,700.15,761.55,760.1,754.76,"65,61,169","4,95,21,16,285.80","1,75,199","18,60,925",28.36
MOTILALOFS,EQ,27-Aug-24,760.1,766.95,778,747.6,753.35,755.15,760.18,"15,68,598","1,19,24,14,437.85","60,875","5,31,735",33.9
MOTILALOFS,EQ,28-Aug-24,755.15,760.75,770,737.65,748,744.4,745.17,"11,73,835","87,47,03,210.45","61,202","5,28,504",45.02
MOTILALOFS,EQ,29-Aug-24,744.4,748.8,755,720.6,725,725.45,732.05,"10,39,633","76,10,59,973.95","43,003","5,50,422",52.94
MOTILALOFS,EQ,30-Aug-24,725.45,728.05,734.25,709,725,720.1,719.65,"11,44,273","82,34,79,397.30","49,059","5,09,562",44.53
MOTILALOFS,EQ,02-Sep-24,720.1,729.7,756.7,715,750.85,751.95,743.14,"22,35,268","1,66,11,07,824.50","1,11,587","7,76,870",34.76
MOTILALOFS,EQ,03-Sep-24,751.95,756.7,766.35,747.45,758.9,757.85,758.67,"14,12,876","1,07,19,08,914.30","59,867","5,51,001",39
MOTILALOFS,EQ,04-Sep-24,757.85,754.8,777.5,733.1,764,767.2,757.52,"18,44,605","1,39,73,28,848.25","82,611","7,50,810",40.7
MOTILALOFS,EQ,05-Sep-24,767.2,775.35,782,753,778.9,775.6,768.35,"16,40,534","1,26,05,02,201.10","63,561","7,02,808",42.84
MOTILALOFS,EQ,06-Sep-24,775.6,785,806.45,756.6,763.05,763.1,777.33,"23,95,736","1,86,22,81,286.20","83,010","7,13,102",29.77
MOTILALOFS,EQ,09-Sep-24,763.1,763.1,765.1,722.9,733.5,727.3,733.03,"20,41,586","1,49,65,46,825.05","83,583","9,08,037",44.48
MOTILALOFS,EQ,10-Sep-24,727.3,735,749.5,727.05,740,736.85,738.92,"9,24,149","68,28,73,796.05","44,834","3,51,319",38.02
MOTILALOFS,EQ,11-Sep-24,736.85,739.1,757,736.05,751,751.75,747.93,"9,97,129","74,57,78,049.60","39,133","4,78,773",48.02
MOTILALOFS,EQ,12-Sep-24,751.75,759.3,760.2,733.2,742,742.25,742.93,"7,11,138","52,83,26,311.60","29,197","3,31,565",46.62
MOTILALOFS,EQ,13-Sep-24,742.25,747.5,759,741.55,756,756.7,751.94,"8,27,013","62,18,67,182.60","29,863","3,98,080",48.13
MOTILALOFS,EQ,16-Sep-24,756.7,765.9,778,754,763,763.5,764.76,"8,08,150","61,80,40,548.00","35,389","3,65,374",45.21
MOTILALOFS,EQ,17-Sep-24,763.5,766.6,774.2,756.1,772,770.85,766.35,"7,71,270","59,10,64,795.00","42,465","3,94,035",51.09
MOTILALOFS,EQ,18-Sep-24,770.85,780,828.85,771.1,774,774.95,799.96,"39,84,017","3,18,70,40,007.10","1,21,463","10,65,134",26.74
MOTILALOFS,EQ,19-Sep-24,774.95,782.5,789.7,733.25,767,766.7,756.96,"14,85,730","1,12,46,34,609.95","54,440","5,99,157",40.33
MOTILALOFS,EQ,20-Sep-24,766.7,760.05,799.9,751.75,791.25,790.8,784.25,"41,37,607","3,24,49,23,370.25","71,823","18,15,757",43.88
MOTILALOFS,EQ,23-Sep-24,790.8,798,803,781.15,785,786.7,789.41,"8,21,781","64,87,24,806.35","39,448","3,85,370",46.89
MOTILALOFS,EQ,24-Sep-24,786.7,789,791,773,777.7,775.25,778.54,"5,21,536","40,60,34,229.15","31,612","2,63,318",50.49
MOTILALOFS,EQ,25-Sep-24,775.25,775.9,781.45,761.4,764.1,764.15,767.85,"5,26,328","40,41,39,513.75","30,042","2,51,516",47.79
MOTILALOFS,EQ,26-Sep-24,764.15,757.05,786,752,754,754.8,765.01,"6,74,520","51,60,15,141.70","26,634","2,66,656",39.53
MOTILALOFS,EQ,27-Sep-24,754.8,759.7,764.1,747,749,750.65,755.26,"6,10,990","46,14,55,240.60","33,402","3,01,833",49.4
MOTILALOFS,EQ,30-Sep-24,750.65,744.95,769,740,760,762.1,753.69,"9,41,121","70,93,09,027.70","46,648","5,16,317",54.86
MOTILALOFS,EQ,01-Oct-24,762.1,755,756.45,730,744.95,742.8,737.47,"16,28,008","1,20,06,12,120.05","77,120","6,00,146",36.86
MOTILALOFS,EQ,03-Oct-24,742.8,729.95,738.6,696.95,715,719.75,721.6,"13,11,023","94,60,39,149.80","66,922","5,94,928",45.38
MOTILALOFS,EQ,04-Oct-24,719.75,719.75,733.9,691.15,728,727.25,718.03,"9,97,476","71,62,20,599.85","59,571","4,26,892",42.8
MOTILALOFS,EQ,07-Oct-24,727.25,728.3,747.5,699.3,703.65,703.9,719.25,"16,44,931","1,18,31,17,064.35","71,071","6,57,695",39.98
MOTILALOFS,EQ,08-Oct-24,703.9,707,758,696.6,752.5,751.8,735.87,"11,05,731","81,36,76,161.70","46,039","4,23,208",38.27
MOTILALOFS,EQ,09-Oct-24,751.8,755.8,793,752.05,783.5,785.7,779.37,"13,65,124","1,06,39,36,423.60","54,591","5,52,972",40.51
MOTILALOFS,EQ,10-Oct-24,785.7,790,794.05,768.9,775,772.8,780.76,"8,45,782","66,03,51,925.05","35,716","3,93,687",46.55
MOTILALOFS,EQ,11-Oct-24,772.8,778.8,813.45,768.85,807.05,808.55,796.72,"20,03,863","1,59,65,19,358.00","76,037","8,72,343",43.53
MOTILALOFS,EQ,14-Oct-24,808.55,815,832,806.3,826,826.8,820.1,"20,02,986","1,64,26,54,811.40","92,256","9,07,024",45.28
MOTILALOFS,EQ,15-Oct-24,826.8,834,941.95,833.5,919.85,924.45,903.31,"1,57,61,777","14,23,77,56,095.10","4,13,075","25,94,309",16.46
MOTILALOFS,EQ,16-Oct-24,924.45,907.05,988.1,896.75,964,962.05,956.85,"1,20,18,973","11,50,03,58,660.65","3,13,895","21,55,127",17.93
MOTILALOFS,EQ,17-Oct-24,962.05,962,971.7,917.05,933,929.4,941.06,"48,10,536","4,52,70,11,069.65","1,56,684","12,19,168",25.34
MOTILALOFS,EQ,18-Oct-24,929.4,932.9,"1,064.00",898.1,"1,023.50","1,029.70","1,002.85","1,78,40,410","17,89,12,32,893.30","4,04,971","16,17,768",9.07
MOTILALOFS,EQ,21-Oct-24,"1,029.70","1,021.95","1,040.60",956.15,961.95,964.25,990.13,"51,24,383","5,07,38,18,270.60","1,29,651","9,92,582",19.37
MOTILALOFS,EQ,22-Oct-24,964.25,965.9,988,920,925.2,927.15,946.92,"28,00,539","2,65,18,95,216.35","84,239","9,68,350",34.58
MOTILALOFS,EQ,23-Oct-24,927.15,920.7,962,900.95,950,946.3,937.73,"27,02,799","2,53,45,01,361.00","84,327","7,00,262",25.91
MOTILALOFS,EQ,24-Oct-24,946.3,946.3,955.6,921.6,940,939.2,939.42,"8,56,500","80,46,09,215.45","28,261","3,44,223",40.19
MOTILALOFS,EQ,25-Oct-24,939.2,938.05,943.9,852.3,878.8,872,879.76,"26,97,556","2,37,31,97,278.10","73,891","9,38,547",34.79
MOTILALOFS,EQ,28-Oct-24,872,884.9,952.5,864.05,929,918.55,924.92,"45,90,360","4,24,57,09,658.00","1,01,074","12,42,109",27.06
MOTILALOFS,EQ,29-Oct-24,918.55,934.7,955.05,909.3,945,947.8,937.48,"34,57,729","3,24,15,50,180.00","77,346","11,36,396",32.87
MOTILALOFS,EQ,30-Oct-24,947.8,952.4,954.9,917,922.65,924,931.07,"22,56,473","2,10,09,34,996.55","73,065","7,10,916",31.51
MOTILALOFS,EQ,31-Oct-24,924,926.05,945,911.75,943.9,937.3,927.82,"16,28,309","1,51,07,73,140.75","55,638","5,49,128",33.72
MOTILALOFS,EQ,01-Nov-24,937.3,948,989.15,945.85,977,976.65,970.65,"11,95,516","1,16,04,33,380.20","35,936","4,19,391",35.08
MOTILALOFS,EQ,04-Nov-24,976.65,976,976.65,933.55,947.5,942.65,944.81,"17,72,685","1,67,48,53,367.65","74,033","6,25,281",35.27
MOTILALOFS,BL,05-Nov-24,726,933.3,933.3,933.3,933.3,933.3,933.3,"3,75,000","34,99,87,500.00",1,-,-
MOTILALOFS,EQ,05-Nov-24,942.65,946,963.5,913.1,930.85,931.05,934.98,"25,12,404","2,34,90,47,504.85","72,560","7,68,673",30.6
MOTILALOFS,EQ,06-Nov-24,931.05,940.4,959,932,942.2,945.15,945.01,"20,33,665","1,92,18,39,730.55","79,363","6,26,537",30.81
MOTILALOFS,EQ,07-Nov-24,945.15,947.45,969.8,930,932,934.05,944.7,"16,30,428","1,54,02,60,166.85","53,790","4,91,035",30.12
MOTILALOFS,EQ,08-Nov-24,934.05,942,"1,025.00",917.7,991,997.65,997.54,"1,12,38,697","11,21,10,55,873.85","3,24,422","17,29,561",15.39
MOTILALOFS,EQ,11-Nov-24,997.65,998.05,"1,009.00",965.65,974.3,973.6,984.91,"27,10,221","2,66,93,35,178.85","97,900","5,91,099",21.81
MOTILALOFS,EQ,12-Nov-24,973.6,983.9,995.7,963,970,969,975.82,"18,93,071","1,84,73,05,268.05","78,040","5,33,884",28.2
MOTILALOFS,EQ,13-Nov-24,969,964.5,964.5,892.05,910,898.8,916.26,"29,15,990","2,67,17,96,176.35","1,04,921","8,05,044",27.61
MOTILALOFS,EQ,14-Nov-24,898.8,900.15,938.95,886.65,905.45,900.9,915.25,"28,69,090","2,62,59,27,350.90","93,481","4,58,810",15.99
MOTILALOFS,EQ,18-Nov-24,900.9,910.6,916.35,882.8,890,888.15,893.46,"15,85,350","1,41,64,44,639.50","63,071","3,94,740",24.9
MOTILALOFS,EQ,19-Nov-24,888.15,892.05,919.95,891,904,906.3,909.9,"17,46,454","1,58,91,05,906.15","66,918","4,76,218",27.27
MOTILALOFS,EQ,21-Nov-24,906.3,904,904,868.85,884.95,881.45,882.43,"18,83,961","1,66,24,59,670.15","62,632","6,15,400",32.67
MOTILALOFS,EQ,22-Nov-24,881.45,888,924,885.35,906.85,909.45,912.07,"22,48,154","2,05,04,77,456.20","77,711","5,78,174",25.72
MOTILALOFS,EQ,25-Nov-24,909.45,941,948,900,903.4,907.5,918.69,"15,36,711","1,41,17,59,440.00","51,438","6,74,940",43.92
MOTILALOFS,EQ,26-Nov-24,907.5,910,917.7,886.05,912.7,912.05,904.03,"15,63,085","1,41,30,78,758.80","58,693","5,08,464",32.53
MOTILALOFS,EQ,27-Nov-24,912.05,913.55,922.5,901,912,909.95,910.9,"15,22,321","1,38,66,88,960.25","49,985","5,80,196",38.11
MOTILALOFS,EQ,28-Nov-24,909.95,913.3,929.3,894.1,905,903.05,910.61,"10,70,875","97,51,53,528.85","33,503","3,71,049",34.65
MOTILALOFS,EQ,29-Nov-24,903.05,906.5,924,898.45,919.95,919.25,910.72,"14,13,035","1,28,68,74,370.25","49,612","5,45,984",38.64
MOTILALOFS,EQ,02-Dec-24,919.25,919.95,950,909.1,942.55,946.1,935.67,"25,70,647","2,40,52,68,022.75","73,837","9,33,993",36.33
MOTILALOFS,EQ,03-Dec-24,946.1,952.7,969,951,954.65,954.8,958.39,"14,59,511","1,39,87,81,886.85","47,838","6,02,245",41.26
MOTILALOFS,EQ,04-Dec-24,954.8,960.1,984,945,955.65,953,961.82,"16,29,311","1,56,71,05,822.70","61,946","5,42,388",33.29
MOTILALOFS,EQ,05-Dec-24,953,959,"1,016.00",954.1,976,973.85,982.54,"43,60,602","4,28,44,50,046.30","1,10,563","11,45,640",26.27
MOTILALOFS,EQ,06-Dec-24,973.85,979.35,986.5,962,970.3,971.55,970.65,"16,95,436","1,64,56,69,426.55","55,282","5,84,893",34.5
MOTILALOFS,EQ,09-Dec-24,971.55,976,"1,018.70",968.95,"1,001.65","1,000.50","1,001.29","40,25,400","4,03,06,05,489.20","1,08,337","11,54,760",28.69
MOTILALOFS,EQ,10-Dec-24,"1,000.50","1,006.00","1,012.35",972,979.95,976.55,984.49,"18,25,877","1,79,75,54,861.40","69,842","6,93,533",37.98
MOTILALOFS,EQ,11-Dec-24,976.55,979.95,"1,035.00",971.45,"1,010.00","1,009.75","1,009.76","53,14,945","5,36,68,26,162.95","1,53,886","13,03,657",24.53
MOTILALOFS,EQ,12-Dec-24,"1,009.75","1,014.60","1,025.50","1,000.30","1,011.50","1,012.50","1,011.30","20,36,743","2,05,97,49,410.10","68,568","6,46,139",31.72
MOTILALOFS,EQ,13-Dec-24,"1,012.50","1,007.40","1,008.95",973.6,988.75,989.85,986.99,"21,54,124","2,12,60,97,706.10","69,107","7,89,996",36.67
MOTILALOFS,EQ,16-Dec-24,989.85,994.8,"1,015.50",986.2,995.5,995.55,998.37,"15,82,171","1,57,95,89,709.15","45,042","6,36,820",40.25
MOTILALOFS,EQ,17-Dec-24,995.55,998.6,"1,014.50",980.1,980.1,987.05,995.41,"13,78,808","1,37,24,73,075.10","49,736","5,51,202",39.98
MOTILALOFS,EQ,18-Dec-24,987.05,985.85,988,947.4,957,953.75,960.86,"19,32,989","1,85,73,40,602.95","65,949","7,95,300",41.14
MOTILALOFS,EQ,19-Dec-24,953.75,944,973.4,928.5,957,953.2,955.06,"19,26,687","1,84,00,92,153.60","66,428","5,86,849",30.46
MOTILALOFS,EQ,20-Dec-24,953.2,956.15,959.65,915.5,923,926.5,936.47,"17,94,402","1,68,04,09,022.50","60,620","7,36,018",41.02
MOTILALOFS,EQ,23-Dec-24,926.5,930,940.6,911.25,932,927.7,925.13,"11,03,845","1,02,12,04,668.45","47,782","3,59,217",32.54
MOTILALOFS,EQ,24-Dec-24,927.7,932,937.95,915.1,917.5,918.95,925,"6,97,554","64,52,39,346.20","39,638","2,35,569",33.77
MOTILALOFS,EQ,26-Dec-24,918.95,926.5,928.75,905.5,920.3,915.25,913.27,"8,97,473","81,96,37,097.40","39,553","3,27,510",36.49
MOTILALOFS,EQ,27-Dec-24,915.25,920,934.8,905,909.9,910.4,918.69,"7,79,997","71,65,76,780.25","36,720","3,13,336",40.17
MOTILALOFS,EQ,30-Dec-24,910.4,914,978.8,900.1,966,965.85,938.97,"24,73,859","2,32,28,71,365.80","88,411","11,55,942",46.73
MOTILALOFS,EQ,31-Dec-24,965.85,962,964.9,932.15,950.95,953.8,949.05,"12,18,660","1,15,65,66,024.40","52,474","4,34,827",35.68
MOTILALOFS,EQ,01-Jan-25,953.8,952.95,984.5,945.25,971,970.45,970.87,"14,57,038","1,41,45,89,096.05","60,541","5,07,936",34.86
MOTILALOFS,EQ,02-Jan-25,970.45,972,997.95,967.1,984,985.2,983.32,"13,51,757","1,32,92,11,974.40","53,074","4,56,261",33.75
MOTILALOFS,EQ,03-Jan-25,985.2,989.5,999.95,968.35,972,971.2,984.93,"10,70,697","1,05,45,66,170.80","36,214","4,18,889",39.12
MOTILALOFS,EQ,06-Jan-25,971.2,978,978.65,917.2,932.95,925.25,942.21,"15,68,627","1,47,79,81,899.85","67,039","6,62,503",42.23
MOTILALOFS,EQ,07-Jan-25,925.25,927,975.9,927,971,970,954.88,"16,68,102","1,59,28,31,347.45","66,674","6,27,464",37.62
MOTILALOFS,EQ,08-Jan-25,970,974.9,975,928,938.5,940.1,944.9,"11,62,389","1,09,83,43,591.90","56,655","4,65,805",40.07
MOTILALOFS,EQ,09-Jan-25,940.1,943,943,892.65,907,901.2,916.39,"11,03,252","1,01,10,13,375.65","57,191","5,47,271",49.61
MOTILALOFS,EQ,10-Jan-25,901.2,901.2,910.3,870,873,878.1,892.13,"17,74,395","1,58,29,95,021.40","88,214","6,55,549",36.94
MOTILALOFS,EQ,13-Jan-25,878.1,861,871.95,816.75,835,826.25,841.27,"19,03,029","1,60,09,60,268.25","81,308","7,09,285",37.27
MOTILALOFS,EQ,14-Jan-25,826.25,840,902,834.5,892.95,894.55,865.05,"29,22,375","2,52,80,14,310.40","1,09,105","6,92,171",23.69
MOTILALOFS,EQ,15-Jan-25,894.55,885,916.95,854.2,866,863.1,885.07,"25,15,769","2,22,66,41,333.45","91,599","8,58,972",34.14
MOTILALOFS,EQ,16-Jan-25,863.1,870,887,796,800,799.35,825.92,"38,48,822","3,17,88,22,971.10","1,10,983","17,17,692",44.63
MOTILALOFS,EQ,17-Jan-25,799.35,812.5,822,779.1,798.3,795.75,798.86,"35,17,519","2,81,00,04,811.30","1,26,141","9,51,871",27.06
MOTILALOFS,EQ,20-Jan-25,795.75,806,827.15,800,805.55,807.5,811.26,"21,37,841","1,73,43,38,090.25","74,889","5,49,288",25.69
MOTILALOFS,EQ,21-Jan-25,807.5,810.05,812.6,739.15,746,745,760.34,"41,06,030","3,12,19,79,154.20","1,39,733","13,87,481",33.79
MOTILALOFS,EQ,22-Jan-25,745,746,750.05,706.05,728.45,724.9,722.06,"38,42,592","2,77,45,67,847.40","1,27,235","14,23,525",37.05
MOTILALOFS,EQ,23-Jan-25,724.9,723.45,759.5,721.6,730,726.3,737.18,"37,86,083","2,79,10,36,227.50","1,42,810","13,59,831",35.92
MOTILALOFS,EQ,24-Jan-25,726.3,730.95,734.85,691.3,695,694.35,705.78,"24,95,956","1,76,16,01,839.45","76,310","9,96,508",39.92
MOTILALOFS,EQ,27-Jan-25,694.35,693,693,627.1,662.5,663.1,649.04,"54,15,536","3,51,48,75,070.15","2,22,866","15,40,885",28.45
MOTILALOFS,EQ,28-Jan-25,663.1,667.1,670.5,612,646.45,646,638.61,"43,56,281","2,78,19,68,027.65","1,31,193","10,57,901",24.28
MOTILALOFS,EQ,29-Jan-25,646,613.45,675.55,607.2,667.5,670.6,652.26,"51,88,093","3,38,39,64,572.90","1,25,527","8,92,823",17.21
MOTILALOFS,EQ,30-Jan-25,670.6,670.6,690,640.15,646,645.8,660.59,"27,59,670","1,82,30,09,903.15","80,380","8,35,980",30.29
MOTILALOFS,EQ,31-Jan-25,645.8,622.4,648.65,622.4,638.5,637.15,635.92,"31,63,381","2,01,16,58,281.35","88,754","9,27,805",29.33
MOTILALOFS,EQ,01-Feb-25,637.15,644,669.85,638,660,661.05,655.56,"20,09,141","1,31,71,03,849.15","54,519","4,38,849",21.84
MOTILALOFS,EQ,03-Feb-25,661.05,646.55,649.65,616.3,626.8,625.65,626.36,"24,57,939","1,53,95,45,962.15","78,937","8,00,152",32.55
MOTILALOFS,EQ,04-Feb-25,625.65,632.8,649.4,624.7,642,642.45,635.92,"22,05,683","1,40,26,39,760.05","70,717","7,19,771",32.63
MOTILALOFS,EQ,05-Feb-25,642.45,645,738.6,645,700.75,701.65,715.47,"2,48,09,182","17,75,02,29,159.80","4,25,696","22,19,717",8.95
MOTILALOFS,EQ,06-Feb-25,701.65,705.7,718,671.35,681,676.95,685.05,"81,74,010","5,59,96,35,968.70","1,69,833","12,76,571",15.62
MOTILALOFS,EQ,07-Feb-25,676.95,681,693.65,668.3,674,674.3,679.79,"34,50,093","2,34,53,52,508.10","1,00,246","4,67,201",13.54
MOTILALOFS,EQ,10-Feb-25,674.3,674.85,676.9,648.6,655.9,655.15,657.63,"17,06,377","1,12,21,69,020.90","60,471","4,36,198",25.56
MOTILALOFS,EQ,11-Feb-25,655.15,651,655,626.5,630,631.35,634.63,"16,32,760","1,03,62,05,400.85","58,997","5,06,160",31
MOTILALOFS,EQ,12-Feb-25,631.35,630,658.9,602.65,653,655,635.06,"44,08,877","2,79,98,99,919.70","1,53,102","8,88,653",20.16
MOTILALOFS,EQ,13-Feb-25,655,658,665.7,642.1,645.5,646.3,649.23,"20,33,845","1,32,04,37,469.35","90,292","6,43,738",31.65
MOTILALOFS,EQ,14-Feb-25,646.3,646.3,648,615.25,617.75,619.75,625.3,"16,89,304","1,05,63,17,514.85","70,237","4,56,525",27.02
MOTILALOFS,EQ,17-Feb-25,619.75,617,630.5,603,615.25,614.35,616.14,"22,57,720","1,39,10,76,696.65","1,11,217","5,70,542",25.27
MOTILALOFS,EQ,18-Feb-25,614.35,615.25,624.9,605.1,613.2,615.75,614.04,"15,60,063","95,79,48,224.10","60,876","4,85,900",31.15
MOTILALOFS,EQ,19-Feb-25,615.75,614.05,631.25,608.05,612.35,613.1,619.31,"19,31,280","1,19,60,64,800.20","80,267","6,09,594",31.56
MOTILALOFS,EQ,20-Feb-25,613.1,614,643.65,611.1,634.25,636.35,627.48,"27,60,275","1,73,20,19,018.95","89,339","7,65,798",27.74
MOTILALOFS,EQ,21-Feb-25,636.35,632.95,650.55,610.15,613.45,613.45,624.14,"23,96,378","1,49,56,71,883.60","1,00,147","8,72,893",36.43
MOTILALOFS,EQ,24-Feb-25,613.45,602,612.55,598.25,602,602.3,604.29,"18,95,931","1,14,56,98,416.40","59,365","6,13,753",32.37
MOTILALOFS,EQ,25-Feb-25,602.3,605.25,614.95,590.8,591.95,597,602.97,"13,31,976","80,31,39,556.05","51,646","4,61,128",34.62
MOTILALOFS,EQ,27-Feb-25,597,602.8,602.8,567.05,568.9,573.9,580.9,"19,26,937","1,11,93,61,029.20","89,892","8,24,848",42.81
MOTILALOFS,EQ,28-Feb-25,573.9,564,594,560.15,585.75,588.5,578.09,"34,13,857","1,97,35,04,852.55","1,15,147","12,17,056",35.65
MOTILALOFS,EQ,03-Mar-25,588.5,595.05,605.95,562.3,577.75,577.4,579.59,"21,47,921","1,24,49,11,229.50","90,747","6,29,972",29.33
MOTILALOFS,EQ,04-Mar-25,577.4,570,601.25,567.55,575,574.85,581.85,"22,07,505","1,28,44,33,086.35","78,967","7,42,841",33.65
MOTILALOFS,EQ,05-Mar-25,574.85,576.6,610.45,571.55,605.1,602.35,593.58,"25,88,748","1,53,66,17,457.65","1,04,991","7,47,309",28.87
MOTILALOFS,EQ,06-Mar-25,602.35,609,619.2,602,610,611.15,610,"17,47,575","1,06,60,12,232.20","61,297","6,43,785",36.84
MOTILALOFS,EQ,07-Mar-25,611.15,611,619.7,603,605,605.45,611.63,"14,74,681","90,19,61,675.60","51,391","4,54,594",30.83
MOTILALOFS,EQ,10-Mar-25,605.45,606.25,616,588.55,591,592.75,598.91,"11,66,229","69,84,71,392.20","53,707","5,16,156",44.26
MOTILALOFS,EQ,11-Mar-25,592.75,589,594,568,593.8,591.5,584.94,"11,00,921","64,39,71,870.35","43,585","3,49,709",31.77
MOTILALOFS,EQ,12-Mar-25,591.5,593.7,597.9,572.4,584.3,583.45,582.69,"9,83,256","57,29,33,261.80","40,969","4,24,054",43.13
MOTILALOFS,EQ,13-Mar-25,583.45,589,591.9,575,575.75,576.4,579.93,"7,30,505","42,36,40,497.60","38,187","2,94,452",40.31
MOTILALOFS,EQ,17-Mar-25,576.4,578,589.35,575.3,580,578.1,580.71,"12,75,036","74,04,32,492.40","48,557","5,75,675",45.15
MOTILALOFS,EQ,18-Mar-25,578.1,582,610,581.7,610,608.6,599.11,"18,04,302","1,08,09,84,110.00","68,324","6,74,315",37.37
MOTILALOFS,EQ,19-Mar-25,608.6,610,639.85,610,626.5,627.05,627.5,"21,05,384","1,32,11,38,634.45","63,695","7,04,632",33.47
MOTILALOFS,EQ,20-Mar-25,627.05,631.7,641.5,621.5,637.25,636.25,633.69,"17,11,453","1,08,45,33,367.70","60,578","6,68,748",39.07
MOTILALOFS,EQ,21-Mar-25,636.25,639,674.95,622.95,637.65,637.3,647.21,"47,70,204","3,08,73,11,004.40","1,31,014","20,79,115",43.59
MOTILALOFS,EQ,24-Mar-25,637.3,642,657.6,638.2,646.5,649.1,648.03,"21,20,238","1,37,39,75,969.90","69,707","7,47,919",35.28
MOTILALOFS,EQ,25-Mar-25,649.1,654,655.5,620.2,622.9,623.25,634.08,"22,29,994","1,41,40,00,147.90","72,377","11,68,874",52.42
MOTILALOFS,EQ,26-Mar-25,623.25,624.7,630.75,609.9,610.4,612.1,619.69,"13,81,308","85,59,80,919.95","51,434","5,53,678",40.08
MOTILALOFS,EQ,27-Mar-25,612.1,611,631.1,605.2,624.85,624.8,621.69,"25,86,293","1,60,78,80,895.85","1,02,053","12,96,358",50.12
MOTILALOFS,EQ,28-Mar-25,624.8,627.55,638.5,612.4,615,615.35,620.93,"21,96,511","1,36,38,69,373.75","71,963","8,59,667",39.14
MOTILALOFS,EQ,01-Apr-25,615.35,616.9,620.5,599.05,603.9,602.35,607.74,"11,16,719","67,86,69,524.75","50,613","4,74,368",42.48
MOTILALOFS,EQ,02-Apr-25,602.35,604.9,614.7,601.2,613.5,612.7,608.73,"13,12,985","79,92,57,090.65","48,769","5,95,865",45.38
MOTILALOFS,EQ,03-Apr-25,612.7,605.95,628.85,604.55,622,620.4,618.2,"14,58,002","90,13,36,225.25","54,786","5,28,904",36.28
MOTILALOFS,EQ,04-Apr-25,620.4,619.95,619.95,590.65,597.8,595.8,600.61,"14,02,343","84,22,63,141.50","45,611","6,24,145",44.51
MOTILALOFS,EQ,07-Apr-25,595.8,513,577.8,513,571.5,565.65,558.72,"18,88,258","1,05,50,03,353.95","88,801","7,20,893",38.18
MOTILALOFS,EQ,08-Apr-25,565.65,580,590.9,574,588.1,586.6,581.01,"9,79,562","56,91,33,619.15","43,142","3,22,375",32.91
MOTILALOFS,EQ,09-Apr-25,586.6,584.1,584.9,565.15,576.8,575.35,572.46,"8,63,739","49,44,55,832.00","45,540","3,40,773",39.45
MOTILALOFS,EQ,11-Apr-25,575.35,597.95,609.5,585.6,608,606.2,597.51,"12,56,498","75,07,75,765.50","46,990","4,19,520",33.39
MOTILALOFS,EQ,15-Apr-25,606.2,627.9,639.5,615.5,631.4,632.05,625.27,"17,41,847","1,08,91,16,633.05","62,802","6,67,659",38.33
MOTILALOFS,EQ,16-Apr-25,632.05,635,651,632.05,639.2,639.35,639.29,"12,86,387","82,23,74,066.55","59,801","4,68,281",36.4
MOTILALOFS,EQ,17-Apr-25,639.35,636,656.45,631.8,652.3,653.35,647.43,"15,39,377","99,66,39,672.60","59,690","6,91,885",44.95
MOTILALOFS,EQ,21-Apr-25,653.35,655.65,694,655.3,688,685.05,680.33,"34,07,297","2,31,80,70,177.65","1,24,598","13,07,149",38.36
MOTILALOFS,EQ,22-Apr-25,685.05,689,730,681,729,724.4,710.41,"37,58,000","2,66,97,02,169.05","1,19,057","14,79,025",39.36
MOTILALOFS,EQ,23-Apr-25,724.4,729.45,775.95,729,772,769,756.85,"82,92,388","6,27,61,27,443.45","1,94,365","19,42,461",23.42
MOTILALOFS,EQ,24-Apr-25,769,772.25,777.6,753.8,755.95,756,762.7,"25,44,787","1,94,09,05,652.15","72,535","8,71,997",34.27
MOTILALOFS,EQ,25-Apr-25,756,756,757.55,679.2,691.95,694.9,704.7,"87,02,136","6,13,23,63,769.80","2,15,146","22,03,269",25.32
MOTILALOFS,EQ,28-Apr-25,694.9,681,689.8,660.1,679,677.75,674.5,"43,73,181","2,94,96,98,072.85","1,24,311","9,83,430",22.49
MOTILALOFS,EQ,29-Apr-25,677.75,682.7,687.75,659,672.65,673.9,670.57,"21,18,742","1,42,07,62,069.60","59,184","7,07,563",33.4
MOTILALOFS,EQ,30-Apr-25,673.9,670,673.95,648.45,650,652.75,662.08,"15,01,693","99,42,47,835.20","53,902","8,06,196",53.69
MOTILALOFS,EQ,02-May-25,652.75,650,657.65,635,635,636.35,644.15,"15,40,820","99,25,23,742.80","59,730","5,62,746",36.52
MOTILALOFS,EQ,05-May-25,636.35,638.05,704.65,638.05,691,696.3,688.75,"92,08,538","6,34,23,86,725.80","2,03,347","11,73,716",12.75
MOTILALOFS,EQ,06-May-25,696.3,691,692.8,660.1,661.05,664.45,676.04,"21,44,388","1,44,97,01,644.55","72,855","6,38,397",29.77
MOTILALOFS,EQ,07-May-25,664.45,651.65,690,649.05,680,681,667.58,"23,08,518","1,54,11,15,936.35","70,819","5,63,241",24.4
MOTILALOFS,EQ,08-May-25,681,677.3,695.9,667.85,686,682.15,684.8,"23,62,019","1,61,75,17,306.40","92,352","8,45,855",35.81
MOTILALOFS,EQ,09-May-25,682.15,668.2,685,653.05,681.35,679.7,670.94,"29,08,142","1,95,11,98,432.70","91,532","8,71,725",29.98
MOTILALOFS,BL,12-May-25,933.3,679.5,679.5,679.5,679.5,679.5,679.5,"2,03,343","13,81,71,568.50",1,-,-
MOTILALOFS,EQ,12-May-25,679.7,700,740,700,737.45,736.1,723.57,"41,30,918","2,98,89,99,694.00","1,40,904","18,36,179",44.45
MOTILALOFS,EQ,13-May-25,736.1,735,744,722,722.5,725.1,731.33,"18,03,040","1,31,86,09,768.65","55,528","6,73,902",37.38
MOTILALOFS,EQ,14-May-25,725.1,726.05,744,716.15,737.9,739.55,735.56,"23,08,305","1,69,78,92,673.65","70,888","9,36,228",40.56
MOTILALOFS,EQ,15-May-25,739.55,740,765.5,732.45,763,760.3,750.26,"25,31,683","1,89,94,09,590.90","82,523","12,85,323",50.77
MOTILALOFS,EQ,16-May-25,760.3,764.2,796,750,795,789,773.88,"34,09,164","2,63,82,79,738.55","1,09,007","13,14,489",38.56
MOTILALOFS,EQ,19-May-25,789,791.7,803.9,774.85,781.55,782.5,786.89,"16,30,060","1,28,26,76,829.15","47,287","6,40,675",39.3
MOTILALOFS,EQ,20-May-25,782.5,782.5,789,760,761.4,761.95,771.93,"14,52,659","1,12,13,53,678.30","71,664","5,96,102",41.04
MOTILALOFS,EQ,21-May-25,761.95,761,803,753.25,801,800,788.1,"33,23,356","2,61,91,36,195.60","83,216","14,24,741",42.87
MOTILALOFS,EQ,22-May-25,800,805,817.25,776.3,787,789.1,797.47,"25,21,530","2,01,08,54,700.75","62,725","6,75,994",26.81
MOTILALOFS,EQ,23-May-25,789.1,790,793.7,775.1,777.6,778.65,782.55,"13,47,075","1,05,41,48,221.35","36,142","4,97,881",36.96
MOTILALOFS,EQ,26-May-25,778.65,780,796.3,779.9,782.5,782.85,787.45,"9,00,570","70,91,56,429.35","43,500","2,89,728",32.17
MOTILALOFS,EQ,27-May-25,782.85,787.05,787.05,773.25,779,778.3,778.96,"8,10,168","63,10,91,204.40","34,350","2,76,263",34.1
MOTILALOFS,EQ,28-May-25,778.3,780.7,800,774.5,787,788.85,787.65,"17,22,722","1,35,69,05,177.00","78,173","8,03,256",46.63
MOTILALOFS,EQ,29-May-25,788.85,790,827,789.8,809.95,809.95,814.17,"37,88,096","3,08,41,72,456.80","90,615","11,45,186",30.23
MOTILALOFS,EQ,30-May-25,809.95,814.45,822.65,797.55,806.5,809.9,809.77,"24,05,079","1,94,75,71,521.10","85,481","9,56,397",39.77
MOTILALOFS,EQ,02-Jun-25,809.9,811.95,831,800,816,817.05,818.19,"20,77,172","1,69,95,27,030.10","78,156","8,00,528",38.54
MOTILALOFS,EQ,03-Jun-25,817.05,821.3,823.7,801,802,803.25,810.29,"17,56,617","1,42,33,68,337.30","88,360","7,56,445",43.06
MOTILALOFS,EQ,04-Jun-25,803.25,806.45,836.3,806.45,822.85,823.55,825.28,"69,76,103","5,75,72,12,742.30","95,426","45,66,378",65.46
MOTILALOFS,EQ,05-Jun-25,823.55,817.35,848,816.15,841.4,840.75,832.76,"30,36,466","2,52,86,34,970.20","88,921","13,00,902",42.84
MOTILALOFS,EQ,06-Jun-25,840.75,841.95,880,838.3,872.4,870.35,863.65,"38,51,809","3,32,66,22,617.95","90,193","15,25,557",39.61
MOTILALOFS,EQ,09-Jun-25,870.35,880,896.9,875.65,895.2,893.7,890.05,"22,99,416","2,04,65,96,899.20","94,334","10,89,384",47.38
MOTILALOFS,EQ,10-Jun-25,893.7,898.2,898.2,866.3,885.5,878.7,879.34,"27,07,535","2,38,08,39,701.95","67,888","13,90,082",51.34
MOTILALOFS,EQ,11-Jun-25,878.7,880,887.65,830,850,850.8,854.06,"36,48,890","3,11,63,55,245.95","89,505","21,87,348",59.95
MOTILALOFS,EQ,12-Jun-25,850.8,854.8,862.05,828.2,830.7,831.35,842.02,"12,56,393","1,05,79,09,818.55","61,974","5,39,808",42.96
MOTILALOFS,EQ,13-Jun-25,831.35,810.05,832,805.4,822.9,821.3,821.48,"16,41,772","1,34,86,75,431.40","91,418","8,27,586",50.41
MOTILALOFS,EQ,16-Jun-25,821.3,820,824.65,802.85,816,818.75,812.69,"14,65,868","1,19,13,02,542.65","56,562","7,15,250",48.79
MOTILALOFS,EQ,17-Jun-25,818.75,820,834,809,817.1,816.8,821.74,"11,53,284","94,76,96,579.35","36,037","3,46,895",30.08
MOTILALOFS,EQ,18-Jun-25,816.8,817.6,829,809.3,815.65,817.45,821.11,"9,98,375","81,97,73,302.80","37,290","4,48,300",44.9
MOTILALOFS,EQ,19-Jun-25,817.45,815.65,823,807.1,816,818,814.78,"18,08,721","1,47,37,17,222.60","46,385","9,34,118",51.65
MOTILALOFS,EQ,20-Jun-25,818,815,838.35,815,827,825.55,826.29,"19,83,453","1,63,89,09,198.65","52,401","10,19,388",51.39
MOTILALOFS,EQ,23-Jun-25,825.55,816.2,839.95,812.05,833.95,834.35,826.46,"11,47,655","94,84,95,538.00","47,190","4,43,279",38.62
MOTILALOFS,EQ,24-Jun-25,834.35,846.3,865,838.55,860.05,860.35,853.81,"21,36,653","1,82,42,86,328.95","80,420","10,45,282",48.92
MOTILALOFS,EQ,25-Jun-25,860.35,864.65,873.25,858.4,869.75,869,866.88,"17,76,957","1,54,04,09,052.35","63,826","8,59,265",48.36
MOTILALOFS,EQ,26-Jun-25,869,870,876.6,855.5,858.05,858.85,862.21,"14,77,878","1,27,42,46,822.00","54,776","8,54,170",57.8
MOTILALOFS,EQ,27-Jun-25,858.85,863,882,848.75,859.6,854.35,864.18,"34,77,271","3,00,49,71,392.25","1,02,019","21,55,394",61.99
MOTILALOFS,EQ,30-Jun-25,854.35,859.75,878,859.15,871.65,870.05,870.91,"14,67,352","1,27,79,34,751.50","58,700","7,37,642",50.27
MOTILALOFS,EQ,01-Jul-25,870.05,874.3,876.5,860,868.1,868.6,868.72,"11,99,765","1,04,22,59,930.60","61,807","6,31,454",52.63
MOTILALOFS,EQ,02-Jul-25,868.6,869.95,874.9,849.15,854,855.8,856.09,"10,25,207","87,76,69,061.50","41,480","4,64,294",45.29
MOTILALOFS,EQ,03-Jul-25,855.8,858.2,940,858.15,922,929.1,907.59,"1,20,52,636","10,93,88,85,360.95","2,26,887","24,68,525",20.48
MOTILALOFS,EQ,04-Jul-25,929.1,920,926,904.8,917,918.05,917.41,"22,17,278","2,03,41,55,379.80","52,875","6,00,488",27.08
MOTILALOFS,EQ,07-Jul-25,918.05,915,949,904.8,931,930.1,934.45,"25,71,984","2,40,33,99,175.90","67,403","6,80,645",26.46
MOTILALOFS,EQ,08-Jul-25,930.1,930.15,953,911.7,919.55,919.6,928.08,"17,45,213","1,61,97,02,880.75","63,440","5,10,210",29.23
MOTILALOFS,EQ,09-Jul-25,919.6,922.5,941,914.1,925,925.05,925.73,"9,83,674","91,06,18,566.10","32,342","2,79,675",28.43
MOTILALOFS,EQ,10-Jul-25,925.05,925,942.2,920.2,939,940,933.07,"10,09,750","94,21,66,829.10","32,021","3,10,361",30.74
MOTILALOFS,EQ,11-Jul-25,940,941.8,963.35,924.55,932.2,934.4,942.63,"14,90,587","1,40,50,76,231.45","55,612","4,42,806",29.71
MOTILALOFS,EQ,14-Jul-25,934.4,933.5,940.55,918.1,934.8,936.4,928.86,"8,69,283","80,74,38,825.95","37,046","2,79,822",32.19
MOTILALOFS,EQ,15-Jul-25,936.4,936.4,948.4,929,942.4,944.65,941.85,"7,27,332","68,50,37,038.55","61,853","2,75,361",37.86
MOTILALOFS,EQ,16-Jul-25,944.65,947.65,954,932.85,936,936.9,940.43,"6,17,842","58,10,35,178.55","27,320","2,04,700",33.13
MOTILALOFS,EQ,17-Jul-25,936.9,934,945.4,928.35,930.35,931.65,935.82,"5,27,643","49,37,78,795.35","27,569","1,93,444",36.66
MOTILALOFS,EQ,18-Jul-25,931.65,935.4,935.4,910,910.8,911.6,919.77,"9,64,219","88,68,55,720.65","36,579","3,89,064",40.35
MOTILALOFS,EQ,21-Jul-25,911.6,914.3,939.95,909.15,934,933.5,929.7,"12,68,384","1,17,92,15,981.10","43,287","5,20,152",41.01
MOTILALOFS,EQ,22-Jul-25,933.5,938.1,940.95,921,935.05,935,932.16,"6,74,360","62,86,12,691.85","26,039","2,62,860",38.98
MOTILALOFS,EQ,23-Jul-25,935,939.55,942,926,930,931.25,932.03,"8,17,899","76,23,07,247.35","33,552","3,81,505",46.64
MOTILALOFS,EQ,24-Jul-25,931.25,935,955,895.7,911.5,904.9,927.21,"42,78,647","3,96,72,01,841.10","1,27,363","11,49,873",26.87
MOTILALOFS,EQ,25-Jul-25,904.9,914,936,892.6,907,900.15,912.01,"26,92,774","2,45,58,35,334.00","1,01,234","7,80,590",28.99
MOTILALOFS,EQ,28-Jul-25,900.15,895,909,880,884,883.1,895.04,"12,17,278","1,08,95,12,331.25","48,717","5,43,127",44.62
MOTILALOFS,EQ,29-Jul-25,883.1,882.35,942,880,940,937.4,916.85,"18,65,823","1,71,06,76,415.35","51,582","7,35,848",39.44
MOTILALOFS,EQ,30-Jul-25,937.4,940.9,941.2,921.55,929,933.4,931.41,"8,28,745","77,19,00,260.15","37,167","2,44,204",29.47
MOTILALOFS,EQ,31-Jul-25,933.4,912.4,927.55,904.1,911.2,911,916.36,"6,99,886","64,13,46,737.75","31,794","2,39,869",34.27
MOTILALOFS,EQ,01-Aug-25,911,916.15,933,905.55,916.4,921.7,921.77,"10,99,285","1,01,32,88,772.90","49,606","3,94,482",35.89
MOTILALOFS,EQ,04-Aug-25,921.7,922,930.85,913.6,924.65,926.8,923.37,"6,37,558","58,87,00,495.55","36,715","2,14,200",33.6
MOTILALOFS,EQ,05-Aug-25,926.8,927.05,933.9,907.1,908.1,910.75,917.29,"5,84,325","53,59,93,049.10","33,829","2,33,954",40.04
MOTILALOFS,EQ,06-Aug-25,910.75,913.15,930,900.3,922.3,924.75,917.53,"8,18,684","75,11,67,291.95","39,753","2,66,737",32.58
MOTILALOFS,EQ,07-Aug-25,924.75,915.95,924.2,893.75,917.1,917.8,906.16,"12,65,629","1,14,68,62,699.95","42,835","6,41,811",50.71
MOTILALOFS,EQ,08-Aug-25,917.8,917.8,922.55,902.45,905,905.6,911.41,"7,50,514","68,40,25,057.30","24,544","4,35,969",58.09
MOTILALOFS,EQ,11-Aug-25,905.6,909,923.2,895.15,918,918.55,908.3,"9,20,044","83,56,72,252.85","31,667","4,77,882",51.94
MOTILALOFS,EQ,12-Aug-25,918.55,920.3,923.95,907.3,911.1,911.3,917.52,"4,39,883","40,36,01,168.90","26,519","2,07,963",47.28
MOTILALOFS,EQ,13-Aug-25,911.3,919,937.95,915.85,928,928.85,930.3,"8,98,720","83,60,81,282.75","36,040","3,95,832",44.04
MOTILALOFS,EQ,14-Aug-25,928.85,929.9,935.05,922.55,925.2,929.2,929.59,"6,94,343","64,54,54,799.10","28,641","4,12,635",59.43
MOTILALOFS,EQ,18-Aug-25,929.2,934.9,945,932.3,938,938.1,938.5,"8,41,636","78,98,74,824.80","39,710","4,03,843",47.98
MOTILALOFS,EQ,19-Aug-25,938.1,941,978,933.3,962,959.8,960.74,"24,42,587","2,34,66,98,948.50","96,488","10,31,939",42.25
MOTILALOFS,EQ,20-Aug-25,959.8,962.95,969.5,955.5,960.1,960.25,961.09,"5,48,309","52,69,76,463.10","27,491","2,52,428",46.04
MOTILALOFS,EQ,21-Aug-25,960.25,962.1,963,933.85,946.9,949.3,947.46,"7,99,074","75,70,94,615.25","32,267","3,41,556",42.74
MOTILALOFS,EQ,22-Aug-25,949.3,949,949,925.15,929.25,929.25,935.98,"6,05,404","56,66,48,889.90","24,043","2,88,707",47.69
MOTILALOFS,EQ,25-Aug-25,929.25,932.9,938,918.5,924.05,925.7,925.78,"6,13,837","56,82,76,049.25","31,487","2,99,938",48.86
MOTILALOFS,EQ,26-Aug-25,925.7,920.05,925.7,901.1,909.4,908.95,911.44,"9,20,618","83,90,89,037.70","37,686","5,52,013",59.96
MOTILALOFS,EQ,28-Aug-25,908.95,908.15,908.15,886,889,889,895.92,"5,56,768","49,88,21,961.30","34,526","2,40,744",43.24
MOTILALOFS,EQ,29-Aug-25,889,890.05,900.9,852,857.35,857.3,871.17,"8,86,375","77,21,80,838.05","46,519","4,44,628",50.16
MOTILALOFS,EQ,01-Sep-25,857.3,860.95,900,859.6,895,895.4,883.01,"11,72,804","1,03,55,95,641.20","61,113","4,54,986",38.79
MOTILALOFS,EQ,02-Sep-25,895.4,900.95,901.2,871.2,876.8,875.1,877.81,"11,42,882","1,00,32,32,996.80","61,700","4,94,664",43.28
MOTILALOFS,EQ,03-Sep-25,875.1,878.95,884.85,873,880.5,881.1,879.29,"4,29,716","37,78,44,576.65","24,039","1,90,983",44.44
MOTILALOFS,EQ,04-Sep-25,881.1,889.7,895,867.85,868,870.85,876.31,"5,31,433","46,56,98,378.60","28,560","2,17,994",41.02
MOTILALOFS,EQ,05-Sep-25,870.85,874.35,882.6,865.8,874,873.05,873.9,"6,28,011","54,88,21,183.35","38,425","2,16,224",34.43
MOTILALOFS,EQ,08-Sep-25,873.05,877.45,908.25,870.05,895.8,895,892.06,"8,05,095","71,81,89,586.00","38,780","3,29,289",40.9
MOTILALOFS,EQ,09-Sep-25,895,896,900.1,880.1,887,884.75,884.97,"4,71,558","41,73,16,491.20","28,726","2,42,196",51.36
MOTILALOFS,EQ,10-Sep-25,884.75,889.9,924.9,889,914.75,920,913.31,"15,13,502","1,38,22,90,565.55","72,663","6,88,295",45.48
MOTILALOFS,EQ,11-Sep-25,920,920,923.9,905,912,914.75,914.5,"6,66,552","60,95,62,719.60","30,846","2,75,113",41.27
MOTILALOFS,EQ,12-Sep-25,914.75,912.8,928.9,905,918,918,917.54,"5,91,125","54,23,82,695.80","29,846","2,43,096",41.12
MOTILALOFS,EQ,15-Sep-25,918,921.95,946.75,915.6,940,940.75,934.02,"8,88,127","82,95,26,840.00","38,305","4,09,589",46.12
MOTILALOFS,EQ,16-Sep-25,940.75,945,945,928.85,933.65,934.4,934.39,"4,55,315","42,54,41,492.35","29,492","2,35,744",51.78
MOTILALOFS,EQ,17-Sep-25,934.4,941,941.45,928.95,932,933.45,935.15,"4,91,544","45,96,66,581.95","29,512","2,85,919",58.17
MOTILALOFS,EQ,18-Sep-25,933.45,940,940.1,919.05,925.05,923.05,927.08,"4,78,648","44,37,45,313.50","24,789","2,55,689",53.42
MOTILALOFS,EQ,19-Sep-25,923.05,923.05,962,921.5,949.8,944.7,949.41,"23,60,368","2,24,09,67,121.30","70,310","10,84,614",45.95
MOTILALOFS,EQ,22-Sep-25,944.7,943.45,962,940.45,951,950.3,954.8,"7,66,897","73,22,35,124.35","33,526","3,95,416",51.56
MOTILALOFS,EQ,23-Sep-25,950.3,951,962,943.65,955,958.35,952.14,"6,84,313","65,15,63,501.25","29,453","4,36,485",63.78
MOTILALOFS,EQ,24-Sep-25,958.35,960,966.5,936.55,942.05,943.75,953.55,"4,77,688","45,54,97,899.85","28,141","2,64,906",55.46
MOTILALOFS,EQ,25-Sep-25,943.75,940,948,916.35,920,920.05,930.32,"5,45,291","50,72,94,757.40","31,119","3,20,346",58.75
MOTILALOFS,EQ,26-Sep-25,920.05,923,927.05,901.6,912.5,910.75,914.87,"5,76,550","52,74,66,392.15","35,733","2,56,050",44.41
